date,tide_height_m,hour,site_code
2021-06-25,2.944359,0,CP
2021-06-25,3.064768,1,CP
2021-06-25,3.100696,2,CP
2021-06-25,3.032377,3,CP
2021-06-25,2.81781,4,CP
2021-06-25,2.438971,5,CP
2021-06-25,1.935486,6,CP
2021-06-25,1.362779,7,CP
2021-06-25,0.767419,8,CP
2021-06-25,0.236646,9,CP
2021-06-25,-0.088595,10,CP
2021-06-25,-0.112462,11,CP
2021-06-25,0.130362,12,CP
2021-06-25,0.528575,13,CP
2021-06-25,0.998034,14,CP
2021-06-25,1.489469,15,CP
2021-06-25,1.93968,16,CP
2021-06-25,2.286736,17,CP
2021-06-25,2.519335,18,CP
2021-06-25,2.657191,19,CP
2021-06-25,2.701562,20,CP
2021-06-25,2.662435,21,CP
2021-06-25,2.614353,22,CP
2021-06-25,2.651758,23,CP
2021-06-26,2.783653,0,CP
2021-06-26,2.928341,1,CP
2021-06-26,3.012007,2,CP
2021-06-26,3.013721,3,CP
2021-06-26,2.913713,4,CP
2021-06-26,2.67042,5,CP
2021-06-26,2.273968,6,CP
2021-06-26,1.769778,7,CP
2021-06-26,1.212016,8,CP
2021-06-26,0.650181,9,CP
2021-06-26,0.180135,10,CP
2021-06-26,-0.062128,11,CP
2021-06-26,-0.007623,12,CP
2021-06-26,0.283055,13,CP
2021-06-26,0.696549,14,CP
2021-06-26,1.161859,15,CP
2021-06-26,1.63735,16,CP
2021-06-26,2.061646,17,CP
2021-06-26,2.379138,18,CP
2021-06-26,2.584951,19,CP
2021-06-26,2.696223,20,CP
2021-06-26,2.710988,21,CP
2021-06-26,2.647121,22,CP
2021-06-26,2.587443,23,CP
2021-06-27,2.617226,0,CP
2021-06-27,2.727426,1,CP
2021-06-27,2.834201,2,CP
2021-06-27,2.879319,3,CP
2021-06-27,2.853354,4,CP
2021-06-27,2.735459,5,CP
2021-06-27,2.48394,6,CP
2021-06-27,2.095941,7,CP
2021-06-27,1.620428,8,CP
2021-06-27,1.108585,9,CP
2021-06-27,0.610643,10,CP
2021-06-27,0.224853,11,CP
2021-06-27,0.07354,12,CP
2021-06-27,0.195673,13,CP
2021-06-27,0.511228,14,CP
2021-06-27,0.914823,15,CP
2021-06-27,1.354133,16,CP
2021-06-27,1.795692,17,CP
2021-06-27,2.179483,18,CP
2021-06-27,2.45585,19,CP
2021-06-27,2.625336,20,CP
2021-06-27,2.702296,21,CP
2021-06-27,2.682906,22,CP
2021-06-27,2.592428,23,CP
2021-06-28,2.517351,0,CP
2021-06-28,2.529962,1,CP
2021-06-28,2.606233,2,CP
2021-06-28,2.667802,3,CP
2021-06-28,2.676319,4,CP
2021-06-28,2.632513,5,CP
2021-06-28,2.512047,6,CP
2021-06-28,2.272521,7,CP
2021-06-28,1.917455,8,CP
2021-06-28,1.497429,9,CP
2021-06-28,1.058486,10,CP
2021-06-28,0.64828,11,CP
2021-06-28,0.360968,12,CP
2021-06-28,0.298888,13,CP
2021-06-28,0.472034,14,CP
2021-06-28,0.790066,15,CP
2021-06-28,1.164482,16,CP
2021-06-28,1.563689,17,CP
2021-06-28,1.960085,18,CP
2021-06-28,2.293591,19,CP
2021-06-28,2.520444,20,CP
2021-06-28,2.646208,21,CP
2021-06-28,2.68249,22,CP
2021-06-28,2.624423,23,CP
2021-06-29,2.503473,0,CP
2021-06-29,2.406069,1,CP
2021-06-29,2.390489,2,CP
2021-06-29,2.423178,3,CP
2021-06-29,2.438276,4,CP
2021-06-29,2.418584,5,CP
2021-06-29,2.370997,6,CP
2021-06-29,2.264677,7,CP
2021-06-29,2.056575,8,CP
2021-06-29,1.756446,9,CP
2021-06-29,1.414435,10,CP
2021-06-29,1.068731,11,CP
2021-06-29,0.760777,12,CP
2021-06-29,0.575419,13,CP
2021-06-29,0.592152,14,CP
2021-06-29,0.796711,15,CP
2021-06-29,1.098252,16,CP
2021-06-29,1.43107,17,CP
2021-06-29,1.782506,18,CP
2021-06-29,2.12664,19,CP
2021-06-29,2.402191,20,CP
2021-06-29,2.572099,21,CP
2021-06-29,2.647042,22,CP
2021-06-29,2.635928,23,CP
2021-06-25,2.94918,0,TP
2021-06-25,3.013593,1,TP
2021-06-25,2.986069,2,TP
2021-06-25,2.835227,3,TP
2021-06-25,2.530983,4,TP
2021-06-25,2.096123,5,TP
2021-06-25,1.592643,6,TP
2021-06-25,1.060466,7,TP
2021-06-25,0.529971,8,TP
2021-06-25,0.091732,9,TP
2021-06-25,-0.122304,10,TP
2021-06-25,-0.053671,11,TP
2021-06-25,0.235845,12,TP
2021-06-25,0.645021,13,TP
2021-06-25,1.105489,14,TP
2021-06-25,1.561252,15,TP
2021-06-25,1.948153,16,TP
2021-06-25,2.236763,17,TP
2021-06-25,2.449278,18,TP
2021-06-25,2.599514,19,TP
2021-06-25,2.663946,20,TP
2021-06-25,2.649028,21,TP
2021-06-25,2.634745,22,TP
2021-06-25,2.69641,23,TP
2021-06-26,2.815634,0,TP
2021-06-26,2.914497,1,TP
2021-06-26,2.942725,2,TP
2021-06-26,2.881622,3,TP
2021-06-26,2.699799,4,TP
2021-06-26,2.37278,5,TP
2021-06-26,1.931935,6,TP
2021-06-26,1.439051,7,TP
2021-06-26,0.929838,8,TP
2021-06-26,0.440141,9,TP
2021-06-26,0.068307,10,TP
2021-06-26,-0.06506,11,TP
2021-06-26,0.070115,12,TP
2021-06-26,0.393835,13,TP
2021-06-26,0.809499,14,TP
2021-06-26,1.260254,15,TP
2021-06-26,1.695144,16,TP
2021-06-26,2.054975,17,TP
2021-06-26,2.318948,18,TP
2021-06-26,2.51071,19,TP
2021-06-26,2.636092,20,TP
2021-06-26,2.670235,21,TP
2021-06-26,2.630944,22,TP
2021-06-26,2.603654,23,TP
2021-06-27,2.650935,0,TP
2021-06-27,2.740728,1,TP
2021-06-27,2.800078,2,TP
2021-06-27,2.793564,3,TP
2021-06-27,2.708427,4,TP
2021-06-27,2.512489,5,TP
2021-06-27,2.186114,6,TP
2021-06-27,1.767133,7,TP
2021-06-27,1.314668,8,TP
2021-06-27,0.858863,9,TP
2021-06-27,0.438024,10,TP
2021-06-27,0.150739,11,TP
2021-06-27,0.098702,12,TP
2021-06-27,0.284009,13,TP
2021-06-27,0.617137,14,TP
2021-06-27,1.01497,15,TP
2021-06-27,1.435636,16,TP
2021-06-27,1.833231,17,TP
2021-06-27,2.153148,18,TP
2021-06-27,2.382222,19,TP
2021-06-27,2.544214,20,TP
2021-06-27,2.637531,21,TP
2021-06-27,2.637545,22,TP
2021-06-27,2.571636,23,TP
2021-06-28,2.525624,0,TP
2021-06-28,2.547602,1,TP
2021-06-28,2.597132,2,TP
2021-06-28,2.613188,3,TP
2021-06-28,2.577209,4,TP
2021-06-28,2.480293,5,TP
2021-06-28,2.287899,6,TP
2021-06-28,1.984697,7,TP
2021-06-28,1.613355,8,TP
2021-06-28,1.228005,9,TP
2021-06-28,0.851162,10,TP
2021-06-28,0.519569,11,TP
2021-06-28,0.325158,12,TP
2021-06-28,0.34649,13,TP
2021-06-28,0.562079,14,TP
2021-06-28,0.882801,15,TP
2021-06-28,1.245546,16,TP
2021-06-28,1.623377,17,TP
2021-06-28,1.973315,18,TP
2021-06-28,2.244579,19,TP
2021-06-28,2.431132,20,TP
2021-06-28,2.556096,21,TP
2021-06-28,2.611028,22,TP
2021-06-28,2.572365,23,TP
2021-06-29,2.475004,0,TP
2021-06-29,2.401774,1,TP
2021-06-29,2.387525,2,TP
2021-06-29,2.390119,3,TP
2021-06-29,2.365658,4,TP
2021-06-29,2.311269,5,TP
2021-06-29,2.217938,6,TP
2021-06-29,2.047211,7,TP
2021-06-29,1.7881880000000001,8,TP
2021-06-29,1.487015,9,TP
2021-06-29,1.190254,10,TP
2021-06-29,0.910193,11,TP
2021-06-29,0.678127,12,TP
2021-06-29,0.574569,13,TP
2021-06-29,0.654587,14,TP
2021-06-29,0.880306,15,TP
2021-06-29,1.172051,16,TP
2021-06-29,1.48953,17,TP
2021-06-29,1.817422,18,TP
2021-06-29,2.112622,19,TP
2021-06-29,2.328051,20,TP
2021-06-29,2.465059,21,TP
2021-06-29,2.545713,22,TP
2021-06-29,2.555217,23,TP
2021-06-25,3.4,0,PR
2021-06-25,3.5,1,PR
2021-06-25,3.3,2,PR
2021-06-25,2.8,3,PR
2021-06-25,2.2,4,PR
2021-06-25,1.4,5,PR
2021-06-25,0.7,6,PR
2021-06-25,0.2,7,PR
2021-06-25,0,8,PR
2021-06-25,0,9,PR
2021-06-25,0.4,10,PR
2021-06-25,0.9,11,PR
2021-06-25,1.5,12,PR
2021-06-25,2,13,PR
2021-06-25,2.3,14,PR
2021-06-25,2.4,15,PR
2021-06-25,2.3,16,PR
2021-06-25,2,17,PR
2021-06-25,1.8,18,PR
2021-06-25,1.6,19,PR
2021-06-25,1.6,20,PR
2021-06-25,1.8,21,PR
2021-06-25,2.2,22,PR
2021-06-25,2.6,23,PR
2021-06-26,3.1,0,PR
2021-06-26,3.4,1,PR
2021-06-26,3.4,2,PR
2021-06-26,3.2,3,PR
2021-06-26,2.7,4,PR
2021-06-26,2,5,PR
2021-06-26,1.3,6,PR
2021-06-26,0.6,7,PR
2021-06-26,0.2,8,PR
2021-06-26,0,9,PR
2021-06-26,0.1,10,PR
2021-06-26,0.5,11,PR
2021-06-26,1.1,12,PR
2021-06-26,1.7,13,PR
2021-06-26,2.1,14,PR
2021-06-26,2.4,15,PR
2021-06-26,2.4,16,PR
2021-06-26,2.3,17,PR
2021-06-26,2,18,PR
2021-06-26,1.7,19,PR
2021-06-26,1.6,20,PR
2021-06-26,1.7,21,PR
2021-06-26,1.9,22,PR
2021-06-26,2.2,23,PR
2021-06-27,2.6,0,PR
2021-06-27,3,1,PR
2021-06-27,3.3,2,PR
2021-06-27,3.3,3,PR
2021-06-27,3,4,PR
2021-06-27,2.5,5,PR
2021-06-27,1.8,6,PR
2021-06-27,1.1,7,PR
2021-06-27,0.6,8,PR
2021-06-27,0.2,9,PR
2021-06-27,0.1,10,PR
2021-06-27,0.3,11,PR
2021-06-27,0.7,12,PR
2021-06-27,1.3,13,PR
2021-06-27,1.8,14,PR
2021-06-27,2.2,15,PR
2021-06-27,2.4,16,PR
2021-06-27,2.4,17,PR
2021-06-27,2.2,18,PR
2021-06-27,2,19,PR
2021-06-27,1.7,20,PR
2021-06-27,1.6,21,PR
2021-06-27,1.7,22,PR
2021-06-27,1.9,23,PR
2021-06-28,2.2,0,PR
2021-06-28,2.6,1,PR
2021-06-28,2.9,2,PR
2021-06-28,3.1,3,PR
2021-06-28,3,4,PR
2021-06-28,2.8,5,PR
2021-06-28,2.3,6,PR
2021-06-28,1.7,7,PR
2021-06-28,1.1,8,PR
2021-06-28,0.6,9,PR
2021-06-28,0.3,10,PR
2021-06-28,0.3,11,PR
2021-06-28,0.5,12,PR
2021-06-28,1,13,PR
2021-06-28,1.5,14,PR
2021-06-28,1.9,15,PR
2021-06-28,2.3,16,PR
2021-06-28,2.4,17,PR
2021-06-28,2.4,18,PR
2021-06-28,2.2,19,PR
2021-06-28,1.9,20,PR
2021-06-28,1.7,21,PR
2021-06-28,1.6,22,PR
2021-06-28,1.7,23,PR
2021-06-29,1.9,0,PR
2021-06-29,2.1,1,PR
2021-06-29,2.5,2,PR
2021-06-29,2.7,3,PR
2021-06-29,2.9,4,PR
2021-06-29,2.8,5,PR
2021-06-29,2.5,6,PR
2021-06-29,2.1,7,PR
2021-06-29,1.5,8,PR
2021-06-29,1,9,PR
2021-06-29,0.7,10,PR
2021-06-29,0.5,11,PR
2021-06-29,0.5,12,PR
2021-06-29,0.8,13,PR
2021-06-29,1.2,14,PR
2021-06-29,1.7,15,PR
2021-06-29,2.1,16,PR
2021-06-29,2.4,17,PR
2021-06-29,2.5,18,PR
2021-06-29,2.4,19,PR
2021-06-29,2.2,20,PR
2021-06-29,1.9,21,PR
2021-06-29,1.7,22,PR
2021-06-29,1.6,23,PR
2021-06-25,3.6,0,PP
2021-06-25,3.7,1,PP
2021-06-25,3.4,2,PP
2021-06-25,2.9,3,PP
2021-06-25,2.1,4,PP
2021-06-25,1.2,5,PP
2021-06-25,0.5,6,PP
2021-06-25,0,7,PP
2021-06-25,-0.2,8,PP
2021-06-25,0.1,9,PP
2021-06-25,0.6,10,PP
2021-06-25,1.3,11,PP
2021-06-25,2,12,PP
2021-06-25,2.6,13,PP
2021-06-25,2.8,14,PP
2021-06-25,2.8,15,PP
2021-06-25,2.5,16,PP
2021-06-25,2.1,17,PP
2021-06-25,1.6,18,PP
2021-06-25,1.4,19,PP
2021-06-25,1.4,20,PP
2021-06-25,1.6,21,PP
2021-06-25,2.1,22,PP
2021-06-25,2.7,23,PP
2021-06-26,3.3,0,PP
2021-06-26,3.6,1,PP
2021-06-26,3.6,2,PP
2021-06-26,3.3,3,PP
2021-06-26,2.7,4,PP
2021-06-26,1.9,5,PP
2021-06-26,1.1,6,PP
2021-06-26,0.4,7,PP
2021-06-26,0,8,PP
2021-06-26,-0.1,9,PP
2021-06-26,0.2,10,PP
2021-06-26,0.8,11,PP
2021-06-26,1.5,12,PP
2021-06-26,2.2,13,PP
2021-06-26,2.7,14,PP
2021-06-26,2.9,15,PP
2021-06-26,2.8,16,PP
2021-06-26,2.4,17,PP
2021-06-26,2,18,PP
2021-06-26,1.6,19,PP
2021-06-26,1.4,20,PP
2021-06-26,1.4,21,PP
2021-06-26,1.7,22,PP
2021-06-26,2.2,23,PP
2021-06-27,2.7,0,PP
2021-06-27,3.2,1,PP
2021-06-27,3.5,2,PP
2021-06-27,3.5,3,PP
2021-06-27,3.1,4,PP
2021-06-27,2.5,5,PP
2021-06-27,1.7,6,PP
2021-06-27,1,7,PP
2021-06-27,0.3,8,PP
2021-06-27,0,9,PP
2021-06-27,0.1,10,PP
2021-06-27,0.4,11,PP
2021-06-27,1,12,PP
2021-06-27,1.7,13,PP
2021-06-27,2.3,14,PP
2021-06-27,2.7,15,PP
2021-06-27,2.9,16,PP
2021-06-27,2.7,17,PP
2021-06-27,2.4,18,PP
2021-06-27,1.9,19,PP
2021-06-27,1.6,20,PP
2021-06-27,1.4,21,PP
2021-06-27,1.4,22,PP
2021-06-27,1.7,23,PP
2021-06-28,2.2,0,PP
2021-06-28,2.7,1,PP
2021-06-28,3.1,2,PP
2021-06-28,3.3,3,PP
2021-06-28,3.3,4,PP
2021-06-28,2.9,5,PP
2021-06-28,2.3,6,PP
2021-06-28,1.6,7,PP
2021-06-28,0.9,8,PP
2021-06-28,0.4,9,PP
2021-06-28,0.2,10,PP
2021-06-28,0.3,11,PP
2021-06-28,0.7,12,PP
2021-06-28,1.3,13,PP
2021-06-28,1.9,14,PP
2021-06-28,2.4,15,PP
2021-06-28,2.8,16,PP
2021-06-28,2.8,17,PP
2021-06-28,2.7,18,PP
2021-06-28,2.3,19,PP
2021-06-28,1.9,20,PP
2021-06-28,1.6,21,PP
2021-06-28,1.4,22,PP
2021-06-28,1.4,23,PP
2021-06-29,1.7,0,PP
2021-06-29,2.1,1,PP
2021-06-29,2.6,2,PP
2021-06-29,2.9,3,PP
2021-06-29,3.1,4,PP
2021-06-29,3,5,PP
2021-06-29,2.7,6,PP
2021-06-29,2.1,7,PP
2021-06-29,1.5,8,PP
2021-06-29,0.9,9,PP
2021-06-29,0.5,10,PP
2021-06-29,0.4,11,PP
2021-06-29,0.6,12,PP
2021-06-29,1,13,PP
2021-06-29,1.5,14,PP
2021-06-29,2.1,15,PP
2021-06-29,2.5,16,PP
2021-06-29,2.8,17,PP
2021-06-29,2.8,18,PP
2021-06-29,2.6,19,PP
2021-06-29,2.3,20,PP
2021-06-29,1.9,21,PP
2021-06-29,1.6,22,PP
2021-06-29,1.4,23,PP
2021-06-25,3.1,0,FB
2021-06-25,3.1,1,FB
2021-06-25,3,2,FB
2021-06-25,2.8,3,FB
2021-06-25,2.3,4,FB
2021-06-25,1.7,5,FB
2021-06-25,1,6,FB
2021-06-25,0.5,7,FB
2021-06-25,0,8,FB
2021-06-25,-0.2,9,FB
2021-06-25,-0.1,10,FB
2021-06-25,0.2,11,FB
2021-06-25,0.8,12,FB
2021-06-25,1.2,13,FB
2021-06-25,1.6,14,FB
2021-06-25,1.9,15,FB
2021-06-25,2,16,FB
2021-06-25,2,17,FB
2021-06-25,1.9,18,FB
2021-06-25,1.9,19,FB
2021-06-25,1.9,20,FB
2021-06-25,2,21,FB
2021-06-25,2.2,22,FB
2021-06-25,2.5,23,FB
2021-06-26,2.8,0,FB
2021-06-26,3,1,FB
2021-06-26,3.1,2,FB
2021-06-26,2.9,3,FB
2021-06-26,2.6,4,FB
2021-06-26,2.1,5,FB
2021-06-26,1.5,6,FB
2021-06-26,0.9,7,FB
2021-06-26,0.4,8,FB
2021-06-26,0,9,FB
2021-06-26,-0.2,10,FB
2021-06-26,0,11,FB
2021-06-26,0.4,12,FB
2021-06-26,0.9,13,FB
2021-06-26,1.4,14,FB
2021-06-26,1.7,15,FB
2021-06-26,2,16,FB
2021-06-26,2.1,17,FB
2021-06-26,2,18,FB
2021-06-26,1.9,19,FB
2021-06-26,1.9,20,FB
2021-06-26,1.9,21,FB
2021-06-26,2,22,FB
2021-06-26,2.2,23,FB
2021-06-27,2.5,0,FB
2021-06-27,2.8,1,FB
2021-06-27,2.9,2,FB
2021-06-27,2.9,3,FB
2021-06-27,2.8,4,FB
2021-06-27,2.5,5,FB
2021-06-27,2,6,FB
2021-06-27,1.4,7,FB
2021-06-27,0.8,8,FB
2021-06-27,0.3,9,FB
2021-06-27,0,10,FB
2021-06-27,0,11,FB
2021-06-27,0.2,12,FB
2021-06-27,0.6,13,FB
2021-06-27,1.1,14,FB
2021-06-27,1.5,15,FB
2021-06-27,1.8,16,FB
2021-06-27,2,17,FB
2021-06-27,2.1,18,FB
2021-06-27,2,19,FB
2021-06-27,1.9,20,FB
2021-06-27,1.9,21,FB
2021-06-27,1.9,22,FB
2021-06-27,2,23,FB
2021-06-28,2.1,0,FB
2021-06-28,2.4,1,FB
2021-06-28,2.6,2,FB
2021-06-28,2.7,3,FB
2021-06-28,2.7,4,FB
2021-06-28,2.5,5,FB
2021-06-28,2.2,6,FB
2021-06-28,1.8,7,FB
2021-06-28,1.2,8,FB
2021-06-28,0.7,9,FB
2021-06-28,0.4,10,FB
2021-06-28,0.2,11,FB
2021-06-28,0.2,12,FB
2021-06-28,0.4,13,FB
2021-06-28,0.8,14,FB
2021-06-28,1.3,15,FB
2021-06-28,1.6,16,FB
2021-06-28,1.9,17,FB
2021-06-28,2.1,18,FB
2021-06-28,2.1,19,FB
2021-06-28,2,20,FB
2021-06-28,1.9,21,FB
2021-06-28,1.9,22,FB
2021-06-28,1.9,23,FB
2021-06-29,1.9,0,FB
2021-06-29,2,1,FB
2021-06-29,2.2,2,FB
2021-06-29,2.4,3,FB
2021-06-29,2.5,4,FB
2021-06-29,2.5,5,FB
2021-06-29,2.3,6,FB
2021-06-29,2,7,FB
2021-06-29,1.6,8,FB
2021-06-29,1.1,9,FB
2021-06-29,0.8,10,FB
2021-06-29,0.5,11,FB
2021-06-29,0.4,12,FB
2021-06-29,0.4,13,FB
2021-06-29,0.7,14,FB
2021-06-29,1.1,15,FB
2021-06-29,1.5,16,FB
2021-06-29,1.8,17,FB
2021-06-29,2,18,FB
2021-06-29,2.1,19,FB
2021-06-29,2.1,20,FB
2021-06-29,2,21,FB
2021-06-29,1.9,22,FB
2021-06-29,1.9,23,FB
2021-06-25,2.9,0,SP
2021-06-25,2.9,1,SP
2021-06-25,3,2,SP
2021-06-25,2.9,3,SP
2021-06-25,2.7,4,SP
2021-06-25,2.3,5,SP
2021-06-25,1.8,6,SP
2021-06-25,1.3,7,SP
2021-06-25,0.7,8,SP
2021-06-25,0.2,9,SP
2021-06-25,-0.1,10,SP
2021-06-25,-0.1,11,SP
2021-06-25,0.2,12,SP
2021-06-25,0.6,13,SP
2021-06-25,1.1,14,SP
2021-06-25,1.6,15,SP
2021-06-25,2,16,SP
2021-06-25,2.2,17,SP
2021-06-25,2.3,18,SP
2021-06-25,2.4,19,SP
2021-06-25,2.5,20,SP
2021-06-25,2.6,21,SP
2021-06-25,2.5,22,SP
2021-06-25,2.6,23,SP
2021-06-26,2.7,0,SP
2021-06-26,2.8,1,SP
2021-06-26,2.9,2,SP
2021-06-26,2.9,3,SP
2021-06-26,2.8,4,SP
2021-06-26,2.6,5,SP
2021-06-26,2.2,6,SP
2021-06-26,1.7,7,SP
2021-06-26,1.1,8,SP
2021-06-26,0.6,9,SP
2021-06-26,0.1,10,SP
2021-06-26,-0.1,11,SP
2021-06-26,0,12,SP
2021-06-26,0.3,13,SP
2021-06-26,0.8,14,SP
2021-06-26,1.2,15,SP
2021-06-26,1.7,16,SP
2021-06-26,2,17,SP
2021-06-26,2.2,18,SP
2021-06-26,2.4,19,SP
2021-06-26,2.5,20,SP
2021-06-26,2.6,21,SP
2021-06-26,2.6,22,SP
2021-06-26,2.5,23,SP
2021-06-27,2.6,0,SP
2021-06-27,2.7,1,SP
2021-06-27,2.8,2,SP
2021-06-27,2.8,3,SP
2021-06-27,2.8,4,SP
2021-06-27,2.7,5,SP
2021-06-27,2.4,6,SP
2021-06-27,2,7,SP
2021-06-27,1.5,8,SP
2021-06-27,1,9,SP
2021-06-27,0.5,10,SP
2021-06-27,0.2,11,SP
2021-06-27,0,12,SP
2021-06-27,0.2,13,SP
2021-06-27,0.5,14,SP
2021-06-27,0.9,15,SP
2021-06-27,1.4,16,SP
2021-06-27,1.8,17,SP
2021-06-27,2.1,18,SP
2021-06-27,2.3,19,SP
2021-06-27,2.4,20,SP
2021-06-27,2.5,21,SP
2021-06-27,2.6,22,SP
2021-06-27,2.5,23,SP
2021-06-28,2.4,0,SP
2021-06-28,2.5,1,SP
2021-06-28,2.5,2,SP
2021-06-28,2.6,3,SP
2021-06-28,2.6,4,SP
2021-06-28,2.6,5,SP
2021-06-28,2.5,6,SP
2021-06-28,2.2,7,SP
2021-06-28,1.8,8,SP
2021-06-28,1.4,9,SP
2021-06-28,1,10,SP
2021-06-28,0.6,11,SP
2021-06-28,0.3,12,SP
2021-06-28,0.3,13,SP
2021-06-28,0.5,14,SP
2021-06-28,0.8,15,SP
2021-06-28,1.2,16,SP
2021-06-28,1.6,17,SP
2021-06-28,1.9,18,SP
2021-06-28,2.2,19,SP
2021-06-28,2.4,20,SP
2021-06-28,2.5,21,SP
2021-06-28,2.5,22,SP
2021-06-28,2.5,23,SP
2021-06-29,2.4,0,SP
2021-06-29,2.3,1,SP
2021-06-29,2.3,2,SP
2021-06-29,2.4,3,SP
2021-06-29,2.4,4,SP
2021-06-29,2.4,5,SP
2021-06-29,2.3,6,SP
2021-06-29,2.2,7,SP
2021-06-29,2,8,SP
2021-06-29,1.7,9,SP
2021-06-29,1.4,10,SP
2021-06-29,1,11,SP
2021-06-29,0.7,12,SP
2021-06-29,0.6,13,SP
2021-06-29,0.6,14,SP
2021-06-29,0.8,15,SP
2021-06-29,1.1,16,SP
2021-06-29,1.4,17,SP
2021-06-29,1.8,18,SP
2021-06-29,2.1,19,SP
2021-06-29,2.3,20,SP
2021-06-29,2.4,21,SP
2021-06-29,2.5,22,SP
2021-06-29,2.5,23,SP
2021-06-25,2.8,0,HP
2021-06-25,2.9,1,HP
2021-06-25,2.9,2,HP
2021-06-25,3,3,HP
2021-06-25,3,4,HP
2021-06-25,2.8,5,HP
2021-06-25,2.4,6,HP
2021-06-25,1.9,7,HP
2021-06-25,1.2,8,HP
2021-06-25,0.5,9,HP
2021-06-25,0,10,HP
2021-06-25,-0.3,11,HP
2021-06-25,-0.2,12,HP
2021-06-25,0.1,13,HP
2021-06-25,0.5,14,HP
2021-06-25,1.1,15,HP
2021-06-25,1.7,16,HP
2021-06-25,2.1,17,HP
2021-06-25,2.5,18,HP
2021-06-25,2.8,19,HP
2021-06-25,2.9,20,HP
2021-06-25,2.9,21,HP
2021-06-25,2.8,22,HP
2021-06-25,2.8,23,HP
2021-06-26,2.8,0,HP
2021-06-26,2.8,1,HP
2021-06-26,2.8,2,HP
2021-06-26,2.9,3,HP
2021-06-26,3,4,HP
2021-06-26,2.9,5,HP
2021-06-26,2.7,6,HP
2021-06-26,2.3,7,HP
2021-06-26,1.8,8,HP
2021-06-26,1.1,9,HP
2021-06-26,0.4,10,HP
2021-06-26,0,11,HP
2021-06-26,-0.2,12,HP
2021-06-26,-0.1,13,HP
2021-06-26,0.3,14,HP
2021-06-26,0.7,15,HP
2021-06-26,1.3,16,HP
2021-06-26,1.8,17,HP
2021-06-26,2.3,18,HP
2021-06-26,2.6,19,HP
2021-06-26,2.8,20,HP
2021-06-26,3,21,HP
2021-06-26,2.9,22,HP
2021-06-26,2.8,23,HP
2021-06-27,2.7,0,HP
2021-06-27,2.7,1,HP
2021-06-27,2.7,2,HP
2021-06-27,2.7,3,HP
2021-06-27,2.8,4,HP
2021-06-27,2.8,5,HP
2021-06-27,2.8,6,HP
2021-06-27,2.5,7,HP
2021-06-27,2.1,8,HP
2021-06-27,1.6,9,HP
2021-06-27,1,10,HP
2021-06-27,0.5,11,HP
2021-06-27,0.1,12,HP
2021-06-27,0,13,HP
2021-06-27,0.2,14,HP
2021-06-27,0.5,15,HP
2021-06-27,0.9,16,HP
2021-06-27,1.5,17,HP
2021-06-27,2,18,HP
2021-06-27,2.4,19,HP
2021-06-27,2.7,20,HP
2021-06-27,2.9,21,HP
2021-06-27,3,22,HP
2021-06-27,2.9,23,HP
2021-06-28,2.8,0,HP
2021-06-28,2.7,1,HP
2021-06-28,2.6,2,HP
2021-06-28,2.6,3,HP
2021-06-28,2.5,4,HP
2021-06-28,2.6,5,HP
2021-06-28,2.6,6,HP
2021-06-28,2.5,7,HP
2021-06-28,2.3,8,HP
2021-06-28,2,9,HP
2021-06-28,1.5,10,HP
2021-06-28,1,11,HP
2021-06-28,0.6,12,HP
2021-06-28,0.3,13,HP
2021-06-28,0.3,14,HP
2021-06-28,0.4,15,HP
2021-06-28,0.8,16,HP
2021-06-28,1.2,17,HP
2021-06-28,1.7,18,HP
2021-06-28,2.1,19,HP
2021-06-28,2.5,20,HP
2021-06-28,2.8,21,HP
2021-06-28,2.9,22,HP
2021-06-28,2.9,23,HP
2021-06-29,2.8,0,HP
2021-06-29,2.7,1,HP
2021-06-29,2.5,2,HP
2021-06-29,2.4,3,HP
2021-06-29,2.3,4,HP
2021-06-29,2.3,5,HP
2021-06-29,2.4,6,HP
2021-06-29,2.4,7,HP
2021-06-29,2.3,8,HP
2021-06-29,2.1,9,HP
2021-06-29,1.8,10,HP
2021-06-29,1.5,11,HP
2021-06-29,1.1,12,HP
2021-06-29,0.8,13,HP
2021-06-29,0.6,14,HP
2021-06-29,0.6,15,HP
2021-06-29,0.8,16,HP
2021-06-29,1.1,17,HP
2021-06-29,1.5,18,HP
2021-06-29,1.9,19,HP
2021-06-29,2.3,20,HP
2021-06-29,2.6,21,HP
2021-06-29,2.8,22,HP
2021-06-29,2.9,23,HP
2021-06-25,2.9,0,MP
2021-06-25,3,1,MP
2021-06-25,3.2,2,MP
2021-06-25,3.3,3,MP
2021-06-25,3.3,4,MP
2021-06-25,3.3,5,MP
2021-06-25,3,6,MP
2021-06-25,2.5,7,MP
2021-06-25,1.8,8,MP
2021-06-25,1.1,9,MP
2021-06-25,0.4,10,MP
2021-06-25,0,11,MP
2021-06-25,-0.2,12,MP
2021-06-25,0,13,MP
2021-06-25,0.4,14,MP
2021-06-25,1,15,MP
2021-06-25,1.7,16,MP
2021-06-25,2.3,17,MP
2021-06-25,2.9,18,MP
2021-06-25,3.3,19,MP
2021-06-25,3.5,20,MP
2021-06-25,3.4,21,MP
2021-06-25,3.3,22,MP
2021-06-25,3.1,23,MP
2021-06-26,3,0,MP
2021-06-26,2.9,1,MP
2021-06-26,3,2,MP
2021-06-26,3.1,3,MP
2021-06-26,3.2,4,MP
2021-06-26,3.3,5,MP
2021-06-26,3.2,6,MP
2021-06-26,2.8,7,MP
2021-06-26,2.3,8,MP
2021-06-26,1.6,9,MP
2021-06-26,0.9,10,MP
2021-06-26,0.3,11,MP
2021-06-26,0,12,MP
2021-06-26,-0.1,13,MP
2021-06-26,0.1,14,MP
2021-06-26,0.6,15,MP
2021-06-26,1.2,16,MP
2021-06-26,1.9,17,MP
2021-06-26,2.5,18,MP
2021-06-26,3,19,MP
2021-06-26,3.4,20,MP
2021-06-26,3.5,21,MP
2021-06-26,3.4,22,MP
2021-06-26,3.2,23,MP
2021-06-27,3,0,MP
2021-06-27,2.9,1,MP
2021-06-27,2.8,2,MP
2021-06-27,2.9,3,MP
2021-06-27,3,4,MP
2021-06-27,3.1,5,MP
2021-06-27,3.1,6,MP
2021-06-27,3,7,MP
2021-06-27,2.7,8,MP
2021-06-27,2.1,9,MP
2021-06-27,1.5,10,MP
2021-06-27,0.9,11,MP
2021-06-27,0.4,12,MP
2021-06-27,0.1,13,MP
2021-06-27,0.1,14,MP
2021-06-27,0.4,15,MP
2021-06-27,0.9,16,MP
2021-06-27,1.4,17,MP
2021-06-27,2.1,18,MP
2021-06-27,2.7,19,MP
2021-06-27,3.1,20,MP
2021-06-27,3.4,21,MP
2021-06-27,3.5,22,MP
2021-06-27,3.4,23,MP
2021-06-28,3.2,0,MP
2021-06-28,2.9,1,MP
2021-06-28,2.8,2,MP
2021-06-28,2.7,3,MP
2021-06-28,2.7,4,MP
2021-06-28,2.8,5,MP
2021-06-28,2.9,6,MP
2021-06-28,2.9,7,MP
2021-06-28,2.8,8,MP
2021-06-28,2.5,9,MP
2021-06-28,2,10,MP
2021-06-28,1.5,11,MP
2021-06-28,0.9,12,MP
2021-06-28,0.5,13,MP
2021-06-28,0.3,14,MP
2021-06-28,0.4,15,MP
2021-06-28,0.7,16,MP
2021-06-28,1.2,17,MP
2021-06-28,1.7,18,MP
2021-06-28,2.3,19,MP
2021-06-28,2.8,20,MP
2021-06-28,3.2,21,MP
2021-06-28,3.4,22,MP
2021-06-28,3.4,23,MP
2021-06-29,3.3,0,MP
2021-06-29,3,1,MP
2021-06-29,2.8,2,MP
2021-06-29,2.6,3,MP
2021-06-29,2.5,4,MP
2021-06-29,2.5,5,MP
2021-06-29,2.6,6,MP
2021-06-29,2.6,7,MP
2021-06-29,2.6,8,MP
2021-06-29,2.5,9,MP
2021-06-29,2.3,10,MP
2021-06-29,1.9,11,MP
2021-06-29,1.5,12,MP
2021-06-29,1,13,MP
2021-06-29,0.7,14,MP
2021-06-29,0.6,15,MP
2021-06-29,0.7,16,MP
2021-06-29,1.1,17,MP
2021-06-29,1.5,18,MP
2021-06-29,2,19,MP
2021-06-29,2.5,20,MP
2021-06-29,3,21,MP
2021-06-29,3.3,22,MP
2021-06-29,3.4,23,MP
2021-06-25,3,0,FC
2021-06-25,3.1,1,FC
2021-06-25,3.1,2,FC
2021-06-25,3.1,3,FC
2021-06-25,3,4,FC
2021-06-25,2.7,5,FC
2021-06-25,2.2,6,FC
2021-06-25,1.6,7,FC
2021-06-25,0.9,8,FC
2021-06-25,0.2,9,FC
2021-06-25,-0.2,10,FC
2021-06-25,-0.2,11,FC
2021-06-25,0,12,FC
2021-06-25,0.4,13,FC
2021-06-25,0.8,14,FC
2021-06-25,1.3,15,FC
2021-06-25,1.9,16,FC
2021-06-25,2.3,17,FC
2021-06-25,2.6,18,FC
2021-06-25,2.8,19,FC
2021-06-25,2.9,20,FC
2021-06-25,2.9,21,FC
2021-06-25,2.8,22,FC
2021-06-25,2.8,23,FC
2021-06-26,2.9,0,FC
2021-06-26,3,1,FC
2021-06-26,3,2,FC
2021-06-26,3,3,FC
2021-06-26,3,4,FC
2021-06-26,2.9,5,FC
2021-06-26,2.6,6,FC
2021-06-26,2.1,7,FC
2021-06-26,1.4,8,FC
2021-06-26,0.8,9,FC
2021-06-26,0.2,10,FC
2021-06-26,-0.1,11,FC
2021-06-26,-0.1,12,FC
2021-06-26,0.2,13,FC
2021-06-26,0.5,14,FC
2021-06-26,1,15,FC
2021-06-26,1.5,16,FC
2021-06-26,2,17,FC
2021-06-26,2.4,18,FC
2021-06-26,2.6,19,FC
2021-06-26,2.8,20,FC
2021-06-26,2.9,21,FC
2021-06-26,2.8,22,FC
2021-06-26,2.7,23,FC
2021-06-27,2.7,0,FC
2021-06-27,2.8,1,FC
2021-06-27,2.8,2,FC
2021-06-27,2.9,3,FC
2021-06-27,2.9,4,FC
2021-06-27,2.9,5,FC
2021-06-27,2.7,6,FC
2021-06-27,2.4,7,FC
2021-06-27,1.9,8,FC
2021-06-27,1.3,9,FC
2021-06-27,0.7,10,FC
2021-06-27,0.3,11,FC
2021-06-27,0.1,12,FC
2021-06-27,0.1,13,FC
2021-06-27,0.4,14,FC
2021-06-27,0.8,15,FC
2021-06-27,1.2,16,FC
2021-06-27,1.7,17,FC
2021-06-27,2.1,18,FC
2021-06-27,2.4,19,FC
2021-06-27,2.7,20,FC
2021-06-27,2.9,21,FC
2021-06-27,2.9,22,FC
2021-06-27,2.7,23,FC
2021-06-28,2.6,0,FC
2021-06-28,2.6,1,FC
2021-06-28,2.6,2,FC
2021-06-28,2.7,3,FC
2021-06-28,2.7,4,FC
2021-06-28,2.7,5,FC
2021-06-28,2.7,6,FC
2021-06-28,2.5,7,FC
2021-06-28,2.2,8,FC
2021-06-28,1.7,9,FC
2021-06-28,1.3,10,FC
2021-06-28,0.8,11,FC
2021-06-28,0.4,12,FC
2021-06-28,0.3,13,FC
2021-06-28,0.4,14,FC
2021-06-28,0.7,15,FC
2021-06-28,1,16,FC
2021-06-28,1.4,17,FC
2021-06-28,1.9,18,FC
2021-06-28,2.3,19,FC
2021-06-28,2.6,20,FC
2021-06-28,2.8,21,FC
2021-06-28,2.9,22,FC
2021-06-28,2.8,23,FC
2021-06-29,2.6,0,FC
2021-06-29,2.5,1,FC
2021-06-29,2.4,2,FC
2021-06-29,2.4,3,FC
2021-06-29,2.4,4,FC
2021-06-29,2.4,5,FC
2021-06-29,2.4,6,FC
2021-06-29,2.4,7,FC
2021-06-29,2.2,8,FC
2021-06-29,2,9,FC
2021-06-29,1.6,10,FC
2021-06-29,1.3,11,FC
2021-06-29,0.9,12,FC
2021-06-29,0.7,13,FC
2021-06-29,0.6,14,FC
2021-06-29,0.7,15,FC
2021-06-29,1,16,FC
2021-06-29,1.3,17,FC
2021-06-29,1.7,18,FC
2021-06-29,2.1,19,FC
2021-06-29,2.4,20,FC
2021-06-29,2.6,21,FC
2021-06-29,2.8,22,FC
2021-06-29,2.8,23,FC
2021-06-25,3,0,RP
2021-06-25,3.1,1,RP
2021-06-25,3.2,2,RP
2021-06-25,3.3,3,RP
2021-06-25,3.4,4,RP
2021-06-25,3.3,5,RP
2021-06-25,3,6,RP
2021-06-25,2.5,7,RP
2021-06-25,1.8,8,RP
2021-06-25,1,9,RP
2021-06-25,0.3,10,RP
2021-06-25,-0.1,11,RP
2021-06-25,-0.2,12,RP
2021-06-25,0,13,RP
2021-06-25,0.5,14,RP
2021-06-25,1.1,15,RP
2021-06-25,1.8,16,RP
2021-06-25,2.4,17,RP
2021-06-25,3,18,RP
2021-06-25,3.4,19,RP
2021-06-25,3.6,20,RP
2021-06-25,3.5,21,RP
2021-06-25,3.4,22,RP
2021-06-25,3.2,23,RP
2021-06-26,3,0,RP
2021-06-26,3,1,RP
2021-06-26,3,2,RP
2021-06-26,3.2,3,RP
2021-06-26,3.3,4,RP
2021-06-26,3.3,5,RP
2021-06-26,3.1,6,RP
2021-06-26,2.8,7,RP
2021-06-26,2.3,8,RP
2021-06-26,1.6,9,RP
2021-06-26,0.8,10,RP
2021-06-26,0.3,11,RP
2021-06-26,0,12,RP
2021-06-26,-0.1,13,RP
2021-06-26,0.2,14,RP
2021-06-26,0.7,15,RP
2021-06-26,1.3,16,RP
2021-06-26,1.9,17,RP
2021-06-26,2.5,18,RP
2021-06-26,3.1,19,RP
2021-06-26,3.4,20,RP
2021-06-26,3.6,21,RP
2021-06-26,3.5,22,RP
2021-06-26,3.3,23,RP
2021-06-27,3.1,0,RP
2021-06-27,2.9,1,RP
2021-06-27,2.9,2,RP
2021-06-27,2.9,3,RP
2021-06-27,3,4,RP
2021-06-27,3.1,5,RP
2021-06-27,3.1,6,RP
2021-06-27,3,7,RP
2021-06-27,2.6,8,RP
2021-06-27,2.1,9,RP
2021-06-27,1.5,10,RP
2021-06-27,0.8,11,RP
2021-06-27,0.3,12,RP
2021-06-27,0.1,13,RP
2021-06-27,0.1,14,RP
2021-06-27,0.4,15,RP
2021-06-27,0.9,16,RP
2021-06-27,1.5,17,RP
2021-06-27,2.1,18,RP
2021-06-27,2.7,19,RP
2021-06-27,3.2,20,RP
2021-06-27,3.4,21,RP
2021-06-27,3.5,22,RP
2021-06-27,3.4,23,RP
2021-06-28,3.1,0,RP
2021-06-28,2.9,1,RP
2021-06-28,2.8,2,RP
2021-06-28,2.7,3,RP
2021-06-28,2.8,4,RP
2021-06-28,2.8,5,RP
2021-06-28,2.9,6,RP
2021-06-28,2.9,7,RP
2021-06-28,2.7,8,RP
2021-06-28,2.4,9,RP
2021-06-28,2,10,RP
2021-06-28,1.4,11,RP
2021-06-28,0.9,12,RP
2021-06-28,0.5,13,RP
2021-06-28,0.3,14,RP
2021-06-28,0.4,15,RP
2021-06-28,0.7,16,RP
2021-06-28,1.2,17,RP
2021-06-28,1.8,18,RP
2021-06-28,2.3,19,RP
2021-06-28,2.8,20,RP
2021-06-28,3.2,21,RP
2021-06-28,3.4,22,RP
2021-06-28,3.4,23,RP
2021-06-29,3.2,0,RP
2021-06-29,3,1,RP
2021-06-29,2.8,2,RP
2021-06-29,2.6,3,RP
2021-06-29,2.5,4,RP
2021-06-29,2.5,5,RP
2021-06-29,2.6,6,RP
2021-06-29,2.6,7,RP
2021-06-29,2.6,8,RP
2021-06-29,2.5,9,RP
2021-06-29,2.2,10,RP
2021-06-29,1.8,11,RP
2021-06-29,1.4,12,RP
2021-06-29,1,13,RP
2021-06-29,0.7,14,RP
2021-06-29,0.7,15,RP
2021-06-29,0.8,16,RP
2021-06-29,1.1,17,RP
2021-06-29,1.6,18,RP
2021-06-29,2.1,19,RP
2021-06-29,2.6,20,RP
2021-06-29,3,21,RP
2021-06-29,3.3,22,RP
2021-06-29,3.4,23,RP
2021-06-25,3.1,0,EP
2021-06-25,3.1,1,EP
2021-06-25,3.2,2,EP
2021-06-25,3.3,3,EP
2021-06-25,3.4,4,EP
2021-06-25,3.4,5,EP
2021-06-25,3.2,6,EP
2021-06-25,2.7,7,EP
2021-06-25,2,8,EP
2021-06-25,1.2,9,EP
2021-06-25,0.4,10,EP
2021-06-25,-0.1,11,EP
2021-06-25,-0.3,12,EP
2021-06-25,-0.1,13,EP
2021-06-25,0.3,14,EP
2021-06-25,0.9,15,EP
2021-06-25,1.7,16,EP
2021-06-25,2.4,17,EP
2021-06-25,3.1,18,EP
2021-06-25,3.6,19,EP
2021-06-25,3.8,20,EP
2021-06-25,3.8,21,EP
2021-06-25,3.6,22,EP
2021-06-25,3.3,23,EP
2021-06-26,3.1,0,EP
2021-06-26,3,1,EP
2021-06-26,3,2,EP
2021-06-26,3.1,3,EP
2021-06-26,3.3,4,EP
2021-06-26,3.3,5,EP
2021-06-26,3.3,6,EP
2021-06-26,3,7,EP
2021-06-26,2.5,8,EP
2021-06-26,1.8,9,EP
2021-06-26,1.1,10,EP
2021-06-26,0.4,11,EP
2021-06-26,0,12,EP
2021-06-26,-0.2,13,EP
2021-06-26,0.1,14,EP
2021-06-26,0.5,15,EP
2021-06-26,1.2,16,EP
2021-06-26,1.9,17,EP
2021-06-26,2.6,18,EP
2021-06-26,3.2,19,EP
2021-06-26,3.6,20,EP
2021-06-26,3.8,21,EP
2021-06-26,3.7,22,EP
2021-06-26,3.5,23,EP
2021-06-27,3.2,0,EP
2021-06-27,3,1,EP
2021-06-27,2.9,2,EP
2021-06-27,2.9,3,EP
2021-06-27,3,4,EP
2021-06-27,3.1,5,EP
2021-06-27,3.2,6,EP
2021-06-27,3.1,7,EP
2021-06-27,2.8,8,EP
2021-06-27,2.3,9,EP
2021-06-27,1.7,10,EP
2021-06-27,1,11,EP
2021-06-27,0.5,12,EP
2021-06-27,0.1,13,EP
2021-06-27,0.1,14,EP
2021-06-27,0.3,15,EP
2021-06-27,0.8,16,EP
2021-06-27,1.4,17,EP
2021-06-27,2.1,18,EP
2021-06-27,2.8,19,EP
2021-06-27,3.3,20,EP
2021-06-27,3.7,21,EP
2021-06-27,3.8,22,EP
2021-06-27,3.6,23,EP
2021-06-28,3.4,0,EP
2021-06-28,3.1,1,EP
2021-06-28,2.9,2,EP
2021-06-28,2.8,3,EP
2021-06-28,2.8,4,EP
2021-06-28,2.8,5,EP
2021-06-28,2.9,6,EP
2021-06-28,3,7,EP
2021-06-28,2.9,8,EP
2021-06-28,2.6,9,EP
2021-06-28,2.2,10,EP
2021-06-28,1.6,11,EP
2021-06-28,1,12,EP
2021-06-28,0.6,13,EP
2021-06-28,0.3,14,EP
2021-06-28,0.4,15,EP
2021-06-28,0.7,16,EP
2021-06-28,1.2,17,EP
2021-06-28,1.7,18,EP
2021-06-28,2.4,19,EP
2021-06-28,3,20,EP
2021-06-28,3.4,21,EP
2021-06-28,3.7,22,EP
2021-06-28,3.7,23,EP
2021-06-29,3.5,0,EP
2021-06-29,3.2,1,EP
2021-06-29,2.9,2,EP
2021-06-29,2.7,3,EP
2021-06-29,2.6,4,EP
2021-06-29,2.6,5,EP
2021-06-29,2.6,6,EP
2021-06-29,2.7,7,EP
2021-06-29,2.7,8,EP
2021-06-29,2.6,9,EP
2021-06-29,2.4,10,EP
2021-06-29,2,11,EP
2021-06-29,1.6,12,EP
2021-06-29,1.1,13,EP
2021-06-29,0.8,14,EP
2021-06-29,0.7,15,EP
2021-06-29,0.8,16,EP
2021-06-29,1.1,17,EP
2021-06-29,1.5,18,EP
2021-06-29,2.1,19,EP
2021-06-29,2.7,20,EP
2021-06-29,3.2,21,EP
2021-06-29,3.5,22,EP
2021-06-29,3.6,23,EP
2021-06-25,4.4,0,WB
2021-06-25,4.7,1,WB
2021-06-25,4.6,2,WB
2021-06-25,4,3,WB
2021-06-25,3.1,4,WB
2021-06-25,2.1,5,WB
2021-06-25,1,6,WB
2021-06-25,0.3,7,WB
2021-06-25,-0.1,8,WB
2021-06-25,0,9,WB
2021-06-25,0.6,10,WB
2021-06-25,1.4,11,WB
2021-06-25,2.4,12,WB
2021-06-25,3.2,13,WB
2021-06-25,3.6,14,WB
2021-06-25,3.7,15,WB
2021-06-25,3.4,16,WB
2021-06-25,2.9,17,WB
2021-06-25,2.3,18,WB
2021-06-25,1.8,19,WB
2021-06-25,1.6,20,WB
2021-06-25,1.8,21,WB
2021-06-25,2.4,22,WB
2021-06-25,3.1,23,WB
2021-06-26,3.9,0,WB
2021-06-26,4.5,1,WB
2021-06-26,4.7,2,WB
2021-06-26,4.5,3,WB
2021-06-26,3.8,4,WB
2021-06-26,2.9,5,WB
2021-06-26,1.8,6,WB
2021-06-26,0.9,7,WB
2021-06-26,0.2,8,WB
2021-06-26,-0.1,9,WB
2021-06-26,0.1,10,WB
2021-06-26,0.8,11,WB
2021-06-26,1.7,12,WB
2021-06-26,2.6,13,WB
2021-06-26,3.3,14,WB
2021-06-26,3.7,15,WB
2021-06-26,3.7,16,WB
2021-06-26,3.4,17,WB
2021-06-26,2.8,18,WB
2021-06-26,2.2,19,WB
2021-06-26,1.7,20,WB
2021-06-26,1.6,21,WB
2021-06-26,1.9,22,WB
2021-06-26,2.4,23,WB
2021-06-27,3.2,0,WB
2021-06-27,3.9,1,WB
2021-06-27,4.4,2,WB
2021-06-27,4.5,3,WB
2021-06-27,4.3,4,WB
2021-06-27,3.6,5,WB
2021-06-27,2.7,6,WB
2021-06-27,1.7,7,WB
2021-06-27,0.8,8,WB
2021-06-27,0.2,9,WB
2021-06-27,0.1,10,WB
2021-06-27,0.4,11,WB
2021-06-27,1,12,WB
2021-06-27,1.9,13,WB
2021-06-27,2.8,14,WB
2021-06-27,3.4,15,WB
2021-06-27,3.7,16,WB
2021-06-27,3.7,17,WB
2021-06-27,3.3,18,WB
2021-06-27,2.7,19,WB
2021-06-27,2.1,20,WB
2021-06-27,1.7,21,WB
2021-06-27,1.6,22,WB
2021-06-27,1.9,23,WB
2021-06-28,2.5,0,WB
2021-06-28,3.2,1,WB
2021-06-28,3.8,2,WB
2021-06-28,4.2,3,WB
2021-06-28,4.3,4,WB
2021-06-28,4,5,WB
2021-06-28,3.3,6,WB
2021-06-28,2.4,7,WB
2021-06-28,1.5,8,WB
2021-06-28,0.8,9,WB
2021-06-28,0.3,10,WB
2021-06-28,0.3,11,WB
2021-06-28,0.7,12,WB
2021-06-28,1.4,13,WB
2021-06-28,2.2,14,WB
2021-06-28,3,15,WB
2021-06-28,3.5,16,WB
2021-06-28,3.7,17,WB
2021-06-28,3.6,18,WB
2021-06-28,3.2,19,WB
2021-06-28,2.6,20,WB
2021-06-28,2.1,21,WB
2021-06-28,1.7,22,WB
2021-06-28,1.7,23,WB
2021-06-29,2,0,WB
2021-06-29,2.5,1,WB
2021-06-29,3.1,2,WB
2021-06-29,3.6,3,WB
2021-06-29,4,4,WB
2021-06-29,4,5,WB
2021-06-29,3.7,6,WB
2021-06-29,3,7,WB
2021-06-29,2.2,8,WB
2021-06-29,1.5,9,WB
2021-06-29,0.9,10,WB
2021-06-29,0.6,11,WB
2021-06-29,0.6,12,WB
2021-06-29,1,13,WB
2021-06-29,1.7,14,WB
2021-06-29,2.4,15,WB
2021-06-29,3.1,16,WB
2021-06-29,3.5,17,WB
2021-06-29,3.7,18,WB
2021-06-29,3.5,19,WB
2021-06-29,3.1,20,WB
2021-06-29,2.6,21,WB
2021-06-29,2.1,22,WB
2021-06-29,1.8,23,WB
2021-06-25,4.5,0,PL
2021-06-25,4.9,1,PL
2021-06-25,4.8,2,PL
2021-06-25,4.2,3,PL
2021-06-25,3.3,4,PL
2021-06-25,2.2,5,PL
2021-06-25,1.1,6,PL
2021-06-25,0.3,7,PL
2021-06-25,0,8,PL
2021-06-25,0.1,9,PL
2021-06-25,0.6,10,PL
2021-06-25,1.5,11,PL
2021-06-25,2.5,12,PL
2021-06-25,3.3,13,PL
2021-06-25,3.9,14,PL
2021-06-25,4,15,PL
2021-06-25,3.7,16,PL
2021-06-25,3.1,17,PL
2021-06-25,2.4,18,PL
2021-06-25,1.9,19,PL
2021-06-25,1.7,20,PL
2021-06-25,1.8,21,PL
2021-06-25,2.4,22,PL
2021-06-25,3.1,23,PL
2021-06-26,3.9,0,PL
2021-06-26,4.6,1,PL
2021-06-26,4.9,2,PL
2021-06-26,4.7,3,PL
2021-06-26,4,4,PL
2021-06-26,3.1,5,PL
2021-06-26,2,6,PL
2021-06-26,1,7,PL
2021-06-26,0.3,8,PL
2021-06-26,0,9,PL
2021-06-26,0.2,10,PL
2021-06-26,0.8,11,PL
2021-06-26,1.7,12,PL
2021-06-26,2.7,13,PL
2021-06-26,3.5,14,PL
2021-06-26,3.9,15,PL
2021-06-26,3.9,16,PL
2021-06-26,3.6,17,PL
2021-06-26,3,18,PL
2021-06-26,2.3,19,PL
2021-06-26,1.9,20,PL
2021-06-26,1.7,21,PL
2021-06-26,1.9,22,PL
2021-06-26,2.5,23,PL
2021-06-27,3.2,0,PL
2021-06-27,4,1,PL
2021-06-27,4.5,2,PL
2021-06-27,4.7,3,PL
2021-06-27,4.5,4,PL
2021-06-27,3.8,5,PL
2021-06-27,2.8,6,PL
2021-06-27,1.8,7,PL
2021-06-27,0.9,8,PL
2021-06-27,0.3,9,PL
2021-06-27,0.1,10,PL
2021-06-27,0.4,11,PL
2021-06-27,1.1,12,PL
2021-06-27,2,13,PL
2021-06-27,2.9,14,PL
2021-06-27,3.6,15,PL
2021-06-27,3.9,16,PL
2021-06-27,3.9,17,PL
2021-06-27,3.4,18,PL
2021-06-27,2.9,19,PL
2021-06-27,2.3,20,PL
2021-06-27,1.8,21,PL
2021-06-27,1.7,22,PL
2021-06-27,2,23,PL
2021-06-28,2.5,0,PL
2021-06-28,3.2,1,PL
2021-06-28,3.9,2,PL
2021-06-28,4.3,3,PL
2021-06-28,4.5,4,PL
2021-06-28,4.2,5,PL
2021-06-28,3.5,6,PL
2021-06-28,2.6,7,PL
2021-06-28,1.7,8,PL
2021-06-28,0.9,9,PL
2021-06-28,0.4,10,PL
2021-06-28,0.4,11,PL
2021-06-28,0.8,12,PL
2021-06-28,1.5,13,PL
2021-06-28,2.3,14,PL
2021-06-28,3.1,15,PL
2021-06-28,3.7,16,PL
2021-06-28,3.9,17,PL
2021-06-28,3.8,18,PL
2021-06-28,3.3,19,PL
2021-06-28,2.8,20,PL
2021-06-28,2.2,21,PL
2021-06-28,1.9,22,PL
2021-06-28,1.8,23,PL
2021-06-29,2,0,PL
2021-06-29,2.5,1,PL
2021-06-29,3.2,2,PL
2021-06-29,3.7,3,PL
2021-06-29,4.1,4,PL
2021-06-29,4.1,5,PL
2021-06-29,3.8,6,PL
2021-06-29,3.2,7,PL
2021-06-29,2.4,8,PL
2021-06-29,1.6,9,PL
2021-06-29,1,10,PL
2021-06-29,0.7,11,PL
2021-06-29,0.7,12,PL
2021-06-29,1.1,13,PL
2021-06-29,1.8,14,PL
2021-06-29,2.6,15,PL
2021-06-29,3.3,16,PL
2021-06-29,3.7,17,PL
2021-06-29,3.9,18,PL
2021-06-29,3.7,19,PL
2021-06-29,3.2,20,PL
2021-06-29,2.7,21,PL
2021-06-29,2.2,22,PL
2021-06-29,1.9,23,PL
2021-06-25,2.8,0,SC
2021-06-25,2.9,1,SC
2021-06-25,2.9,2,SC
2021-06-25,3,3,SC
2021-06-25,3,4,SC
2021-06-25,2.8,5,SC
2021-06-25,2.4,6,SC
2021-06-25,1.9,7,SC
2021-06-25,1.2,8,SC
2021-06-25,0.5,9,SC
2021-06-25,0,10,SC
2021-06-25,-0.3,11,SC
2021-06-25,-0.2,12,SC
2021-06-25,0.1,13,SC
2021-06-25,0.5,14,SC
2021-06-25,1.1,15,SC
2021-06-25,1.7,16,SC
2021-06-25,2.1,17,SC
2021-06-25,2.5,18,SC
2021-06-25,2.8,19,SC
2021-06-25,2.9,20,SC
2021-06-25,2.9,21,SC
2021-06-25,2.8,22,SC
2021-06-25,2.8,23,SC
2021-06-26,2.8,0,SC
2021-06-26,2.8,1,SC
2021-06-26,2.8,2,SC
2021-06-26,2.9,3,SC
2021-06-26,3,4,SC
2021-06-26,2.9,5,SC
2021-06-26,2.7,6,SC
2021-06-26,2.3,7,SC
2021-06-26,1.8,8,SC
2021-06-26,1.1,9,SC
2021-06-26,0.4,10,SC
2021-06-26,0,11,SC
2021-06-26,-0.2,12,SC
2021-06-26,-0.1,13,SC
2021-06-26,0.3,14,SC
2021-06-26,0.7,15,SC
2021-06-26,1.3,16,SC
2021-06-26,1.8,17,SC
2021-06-26,2.3,18,SC
2021-06-26,2.6,19,SC
2021-06-26,2.8,20,SC
2021-06-26,3,21,SC
2021-06-26,2.9,22,SC
2021-06-26,2.8,23,SC
2021-06-27,2.7,0,SC
2021-06-27,2.7,1,SC
2021-06-27,2.7,2,SC
2021-06-27,2.7,3,SC
2021-06-27,2.8,4,SC
2021-06-27,2.8,5,SC
2021-06-27,2.8,6,SC
2021-06-27,2.5,7,SC
2021-06-27,2.1,8,SC
2021-06-27,1.6,9,SC
2021-06-27,1,10,SC
2021-06-27,0.5,11,SC
2021-06-27,0.1,12,SC
2021-06-27,0,13,SC
2021-06-27,0.2,14,SC
2021-06-27,0.5,15,SC
2021-06-27,0.9,16,SC
2021-06-27,1.5,17,SC
2021-06-27,2,18,SC
2021-06-27,2.4,19,SC
2021-06-27,2.7,20,SC
2021-06-27,2.9,21,SC
2021-06-27,3,22,SC
2021-06-27,2.9,23,SC
2021-06-28,2.8,0,SC
2021-06-28,2.7,1,SC
2021-06-28,2.6,2,SC
2021-06-28,2.6,3,SC
2021-06-28,2.5,4,SC
2021-06-28,2.6,5,SC
2021-06-28,2.6,6,SC
2021-06-28,2.5,7,SC
2021-06-28,2.3,8,SC
2021-06-28,2,9,SC
2021-06-28,1.5,10,SC
2021-06-28,1,11,SC
2021-06-28,0.6,12,SC
2021-06-28,0.3,13,SC
2021-06-28,0.3,14,SC
2021-06-28,0.4,15,SC
2021-06-28,0.8,16,SC
2021-06-28,1.2,17,SC
2021-06-28,1.7,18,SC
2021-06-28,2.1,19,SC
2021-06-28,2.5,20,SC
2021-06-28,2.8,21,SC
2021-06-28,2.9,22,SC
2021-06-28,2.9,23,SC
2021-06-29,2.8,0,SC
2021-06-29,2.7,1,SC
2021-06-29,2.5,2,SC
2021-06-29,2.4,3,SC
2021-06-29,2.3,4,SC
2021-06-29,2.3,5,SC
2021-06-29,2.4,6,SC
2021-06-29,2.4,7,SC
2021-06-29,2.3,8,SC
2021-06-29,2.1,9,SC
2021-06-29,1.8,10,SC
2021-06-29,1.5,11,SC
2021-06-29,1.1,12,SC
2021-06-29,0.8,13,SC
2021-06-29,0.6,14,SC
2021-06-29,0.6,15,SC
2021-06-29,0.8,16,SC
2021-06-29,1.1,17,SC
2021-06-29,1.5,18,SC
2021-06-29,1.9,19,SC
2021-06-29,2.3,20,SC
2021-06-29,2.6,21,SC
2021-06-29,2.8,22,SC
2021-06-29,2.9,23,SC
2021-06-25,3.6,0,TS
2021-06-25,3.6,1,TS
2021-06-25,3.7,2,TS
2021-06-25,3.9,3,TS
2021-06-25,4,4,TS
2021-06-25,4,5,TS
2021-06-25,3.8,6,TS
2021-06-25,3.4,7,TS
2021-06-25,2.7,8,TS
2021-06-25,1.9,9,TS
2021-06-25,1.1,10,TS
2021-06-25,0.4,11,TS
2021-06-25,0,12,TS
2021-06-25,0,13,TS
2021-06-25,0.4,14,TS
2021-06-25,1,15,TS
2021-06-25,1.8,16,TS
2021-06-25,2.6,17,TS
2021-06-25,3.4,18,TS
2021-06-25,4,19,TS
2021-06-25,4.3,20,TS
2021-06-25,4.3,21,TS
2021-06-25,4.2,22,TS
2021-06-25,4,23,TS
2021-06-26,3.7,0,TS
2021-06-26,3.6,1,TS
2021-06-26,3.6,2,TS
2021-06-26,3.7,3,TS
2021-06-26,3.8,4,TS
2021-06-26,3.9,5,TS
2021-06-26,3.9,6,TS
2021-06-26,3.6,7,TS
2021-06-26,3.1,8,TS
2021-06-26,2.4,9,TS
2021-06-26,1.6,10,TS
2021-06-26,0.9,11,TS
2021-06-26,0.3,12,TS
2021-06-26,0,13,TS
2021-06-26,0.1,14,TS
2021-06-26,0.5,15,TS
2021-06-26,1.2,16,TS
2021-06-26,2,17,TS
2021-06-26,2.9,18,TS
2021-06-26,3.6,19,TS
2021-06-26,4.1,20,TS
2021-06-26,4.3,21,TS
2021-06-26,4.3,22,TS
2021-06-26,4.2,23,TS
2021-06-27,3.9,0,TS
2021-06-27,3.6,1,TS
2021-06-27,3.5,2,TS
2021-06-27,3.5,3,TS
2021-06-27,3.6,4,TS
2021-06-27,3.7,5,TS
2021-06-27,3.7,6,TS
2021-06-27,3.7,7,TS
2021-06-27,3.4,8,TS
2021-06-27,2.9,9,TS
2021-06-27,2.2,10,TS
2021-06-27,1.5,11,TS
2021-06-27,0.9,12,TS
2021-06-27,0.4,13,TS
2021-06-27,0.2,14,TS
2021-06-27,0.4,15,TS
2021-06-27,0.9,16,TS
2021-06-27,1.6,17,TS
2021-06-27,2.3,18,TS
2021-06-27,3.1,19,TS
2021-06-27,3.8,20,TS
2021-06-27,4.2,21,TS
2021-06-27,4.3,22,TS
2021-06-27,4.3,23,TS
2021-06-28,4,0,TS
2021-06-28,3.7,1,TS
2021-06-28,3.4,2,TS
2021-06-28,3.3,3,TS
2021-06-28,3.3,4,TS
2021-06-28,3.3,5,TS
2021-06-28,3.4,6,TS
2021-06-28,3.5,7,TS
2021-06-28,3.4,8,TS
2021-06-28,3.1,9,TS
2021-06-28,2.7,10,TS
2021-06-28,2.1,11,TS
2021-06-28,1.5,12,TS
2021-06-28,1,13,TS
2021-06-28,0.6,14,TS
2021-06-28,0.5,15,TS
2021-06-28,0.8,16,TS
2021-06-28,1.3,17,TS
2021-06-28,2,18,TS
2021-06-28,2.7,19,TS
2021-06-28,3.4,20,TS
2021-06-28,3.9,21,TS
2021-06-28,4.2,22,TS
2021-06-28,4.3,23,TS
2021-06-29,4.1,0,TS
2021-06-29,3.8,1,TS
2021-06-29,3.5,2,TS
2021-06-29,3.2,3,TS
2021-06-29,3,4,TS
2021-06-29,3,5,TS
2021-06-29,3,6,TS
2021-06-29,3.1,7,TS
2021-06-29,3.2,8,TS
2021-06-29,3.1,9,TS
2021-06-29,2.9,10,TS
2021-06-29,2.5,11,TS
2021-06-29,2.1,12,TS
2021-06-29,1.6,13,TS
2021-06-29,1.2,14,TS
2021-06-29,0.9,15,TS
2021-06-29,0.9,16,TS
2021-06-29,1.2,17,TS
2021-06-29,1.7,18,TS
2021-06-29,2.4,19,TS
2021-06-29,3.1,20,TS
2021-06-29,3.7,21,TS
2021-06-29,4.1,22,TS
2021-06-29,4.3,23,TS
