date,plot_number,abund,treatment,final_code,treatment_code
2021-04-14,3,80,1,SECA,UI
2021-04-14,3,2,1,BAGL,UI
2021-04-14,3,8,1,CHDA,UI
2021-04-14,3,9,1,LOPA,UI
2021-04-14,3,14,1,LODI,UI
2021-04-14,3,0,1,LISI,UI
2021-04-14,3,13,1,LISC,UI
2021-04-14,3,0.694444444,1,FUDI,UI
2021-04-14,3,0,1,MYSP,UI
2021-04-14,3,0,1,ANEL,UI
2021-04-14,3,0,1,POPL,UI
2021-04-14,3,0,1,COVA,UI
2021-04-14,3,0,1,NERE,UI
2021-04-14,3,0,1,AMPH,UI
2021-04-14,3,0,1,ISOP,UI
2021-04-14,3,0,1,ONBI,UI
2021-04-14,3,0,1,LOPE,UI
2021-04-14,3,0,1,ENMU,UI
2021-04-14,3,0,1,LOSC,UI
2021-04-14,3,0,1,HISP,UI
2021-04-14,3,0,1,ULSP,UI
2021-04-14,3,0,1,NUOS,UI
2021-04-14,3,0,1,POLY,UI
2021-04-14,3,0,1,AMSP,UI
2021-04-14,4,81,2,SECA,SI
2021-04-14,4,1,2,BAGL,SI
2021-04-14,4,2,2,CHDA,SI
2021-04-14,4,3,2,LOPA,SI
2021-04-14,4,16,2,LODI,SI
2021-04-14,4,0,2,LISI,SI
2021-04-14,4,8,2,LISC,SI
2021-04-14,4,0.277777778,2,FUDI,SI
2021-04-14,4,4,2,MYSP,SI
2021-04-14,4,0,2,ANEL,SI
2021-04-14,4,0,2,POPL,SI
2021-04-14,4,0,2,COVA,SI
2021-04-14,4,0,2,NERE,SI
2021-04-14,4,0,2,AMPH,SI
2021-04-14,4,0,2,ISOP,SI
2021-04-14,4,0,2,ONBI,SI
2021-04-14,4,0,2,LOPE,SI
2021-04-14,4,0,2,ENMU,SI
2021-04-14,4,0,2,LOSC,SI
2021-04-14,4,0,2,HISP,SI
2021-04-14,4,0,2,ULSP,SI
2021-04-14,4,0,2,NUOS,SI
2021-04-14,4,0,2,POLY,SI
2021-04-14,4,0,2,AMSP,SI
2021-04-14,6,54,1,SECA,UI
2021-04-14,6,9,1,BAGL,UI
2021-04-14,6,4,1,CHDA,UI
2021-04-14,6,6,1,LOPA,UI
2021-04-14,6,14,1,LODI,UI
2021-04-14,6,0,1,LISI,UI
2021-04-14,6,0,1,LISC,UI
2021-04-14,6,0.694444444,1,FUDI,UI
2021-04-14,6,0,1,MYSP,UI
2021-04-14,6,9,1,ANEL,UI
2021-04-14,6,1,1,POPL,UI
2021-04-14,6,0,1,COVA,UI
2021-04-14,6,0,1,NERE,UI
2021-04-14,6,0,1,AMPH,UI
2021-04-14,6,0,1,ISOP,UI
2021-04-14,6,0,1,ONBI,UI
2021-04-14,6,0,1,LOPE,UI
2021-04-14,6,0,1,ENMU,UI
2021-04-14,6,0,1,LOSC,UI
2021-04-14,6,0,1,HISP,UI
2021-04-14,6,0,1,ULSP,UI
2021-04-14,6,0,1,NUOS,UI
2021-04-14,6,0,1,POLY,UI
2021-04-14,6,0,1,AMSP,UI
2021-04-14,7,57,2,SECA,SI
2021-04-14,7,0,2,BAGL,SI
2021-04-14,7,0,2,CHDA,SI
2021-04-14,7,2,2,LOPA,SI
2021-04-14,7,16,2,LODI,SI
2021-04-14,7,0,2,LISI,SI
2021-04-14,7,0,2,LISC,SI
2021-04-14,7,0,2,FUDI,SI
2021-04-14,7,0,2,MYSP,SI
2021-04-14,7,10,2,ANEL,SI
2021-04-14,7,0,2,POPL,SI
2021-04-14,7,0,2,COVA,SI
2021-04-14,7,0,2,NERE,SI
2021-04-14,7,0,2,AMPH,SI
2021-04-14,7,0,2,ISOP,SI
2021-04-14,7,0,2,ONBI,SI
2021-04-14,7,0,2,LOPE,SI
2021-04-14,7,0,2,ENMU,SI
2021-04-14,7,0,2,LOSC,SI
2021-04-14,7,0,2,HISP,SI
2021-04-14,7,0,2,ULSP,SI
2021-04-14,7,0,2,NUOS,SI
2021-04-14,7,0,2,POLY,SI
2021-04-14,7,0,2,AMSP,SI
2021-04-14,11,89,1,SECA,UI
2021-04-14,11,0,1,BAGL,UI
2021-04-14,11,4,1,CHDA,UI
2021-04-14,11,3,1,LOPA,UI
2021-04-14,11,21,1,LODI,UI
2021-04-14,11,0,1,LISI,UI
2021-04-14,11,2,1,LISC,UI
2021-04-14,11,0,1,FUDI,UI
2021-04-14,11,4,1,MYSP,UI
2021-04-14,11,3,1,ANEL,UI
2021-04-14,11,0,1,POPL,UI
2021-04-14,11,0,1,COVA,UI
2021-04-14,11,0,1,NERE,UI
2021-04-14,11,0,1,AMPH,UI
2021-04-14,11,0,1,ISOP,UI
2021-04-14,11,0,1,ONBI,UI
2021-04-14,11,0,1,LOPE,UI
2021-04-14,11,0,1,ENMU,UI
2021-04-14,11,0,1,LOSC,UI
2021-04-14,11,0,1,HISP,UI
2021-04-14,11,0,1,ULSP,UI
2021-04-14,11,0,1,NUOS,UI
2021-04-14,11,0,1,POLY,UI
2021-04-14,11,0,1,AMSP,UI
2021-04-14,12,72,2,SECA,SI
2021-04-14,12,0,2,BAGL,SI
2021-04-14,12,1,2,CHDA,SI
2021-04-14,12,8,2,LOPA,SI
2021-04-14,12,17,2,LODI,SI
2021-04-14,12,0,2,LISI,SI
2021-04-14,12,0,2,LISC,SI
2021-04-14,12,0,2,FUDI,SI
2021-04-14,12,2,2,MYSP,SI
2021-04-14,12,4,2,ANEL,SI
2021-04-14,12,0,2,POPL,SI
2021-04-14,12,0,2,COVA,SI
2021-04-14,12,0,2,NERE,SI
2021-04-14,12,0,2,AMPH,SI
2021-04-14,12,0,2,ISOP,SI
2021-04-14,12,0,2,ONBI,SI
2021-04-14,12,0,2,LOPE,SI
2021-04-14,12,0,2,ENMU,SI
2021-04-14,12,0,2,LOSC,SI
2021-04-14,12,0,2,HISP,SI
2021-04-14,12,0,2,ULSP,SI
2021-04-14,12,0,2,NUOS,SI
2021-04-14,12,0,2,POLY,SI
2021-04-14,12,0,2,AMSP,SI
2021-04-14,14,43,2,SECA,SI
2021-04-14,14,0,2,BAGL,SI
2021-04-14,14,3,2,CHDA,SI
2021-04-14,14,4,2,LOPA,SI
2021-04-14,14,15,2,LODI,SI
2021-04-14,14,0,2,LISI,SI
2021-04-14,14,1,2,LISC,SI
2021-04-14,14,3.472222222,2,FUDI,SI
2021-04-14,14,0,2,MYSP,SI
2021-04-14,14,16,2,ANEL,SI
2021-04-14,14,0,2,POPL,SI
2021-04-14,14,1,2,COVA,SI
2021-04-14,14,0,2,NERE,SI
2021-04-14,14,0,2,AMPH,SI
2021-04-14,14,0,2,ISOP,SI
2021-04-14,14,0,2,ONBI,SI
2021-04-14,14,0,2,LOPE,SI
2021-04-14,14,0,2,ENMU,SI
2021-04-14,14,0,2,LOSC,SI
2021-04-14,14,0,2,HISP,SI
2021-04-14,14,0,2,ULSP,SI
2021-04-14,14,0,2,NUOS,SI
2021-04-14,14,0,2,POLY,SI
2021-04-14,14,0,2,AMSP,SI
2021-04-14,16,58,1,SECA,UI
2021-04-14,16,0,1,BAGL,UI
2021-04-14,16,4,1,CHDA,UI
2021-04-14,16,5,1,LOPA,UI
2021-04-14,16,26,1,LODI,UI
2021-04-14,16,0,1,LISI,UI
2021-04-14,16,1,1,LISC,UI
2021-04-14,16,2.083333333,1,FUDI,UI
2021-04-14,16,0,1,MYSP,UI
2021-04-14,16,7,1,ANEL,UI
2021-04-14,16,0,1,POPL,UI
2021-04-14,16,0,1,COVA,UI
2021-04-14,16,0,1,NERE,UI
2021-04-14,16,0,1,AMPH,UI
2021-04-14,16,0,1,ISOP,UI
2021-04-14,16,0,1,ONBI,UI
2021-04-14,16,0,1,LOPE,UI
2021-04-14,16,0,1,ENMU,UI
2021-04-14,16,0,1,LOSC,UI
2021-04-14,16,0,1,HISP,UI
2021-04-14,16,0,1,ULSP,UI
2021-04-14,16,0,1,NUOS,UI
2021-04-14,16,0,1,POLY,UI
2021-04-14,16,0,1,AMSP,UI
2021-04-14,19,109,2,SECA,SI
2021-04-14,19,0,2,BAGL,SI
2021-04-14,19,10,2,CHDA,SI
2021-04-14,19,4,2,LOPA,SI
2021-04-14,19,10,2,LODI,SI
2021-04-14,19,0,2,LISI,SI
2021-04-14,19,0,2,LISC,SI
2021-04-14,19,0.694444444,2,FUDI,SI
2021-04-14,19,1,2,MYSP,SI
2021-04-14,19,0,2,ANEL,SI
2021-04-14,19,0,2,POPL,SI
2021-04-14,19,0,2,COVA,SI
2021-04-14,19,0,2,NERE,SI
2021-04-14,19,0,2,AMPH,SI
2021-04-14,19,0,2,ISOP,SI
2021-04-14,19,0,2,ONBI,SI
2021-04-14,19,0,2,LOPE,SI
2021-04-14,19,0,2,ENMU,SI
2021-04-14,19,0,2,LOSC,SI
2021-04-14,19,0,2,HISP,SI
2021-04-14,19,0,2,ULSP,SI
2021-04-14,19,0,2,NUOS,SI
2021-04-14,19,0,2,POLY,SI
2021-04-14,19,0,2,AMSP,SI
2021-04-14,20,50,1,SECA,UI
2021-04-14,20,0,1,BAGL,UI
2021-04-14,20,2,1,CHDA,UI
2021-04-14,20,6,1,LOPA,UI
2021-04-14,20,32,1,LODI,UI
2021-04-14,20,0,1,LISI,UI
2021-04-14,20,0,1,LISC,UI
2021-04-14,20,0.694444444,1,FUDI,UI
2021-04-14,20,1,1,MYSP,UI
2021-04-14,20,4,1,ANEL,UI
2021-04-14,20,0,1,POPL,UI
2021-04-14,20,0,1,COVA,UI
2021-04-14,20,0,1,NERE,UI
2021-04-14,20,0,1,AMPH,UI
2021-04-14,20,0,1,ISOP,UI
2021-04-14,20,0,1,ONBI,UI
2021-04-14,20,0,1,LOPE,UI
2021-04-14,20,0,1,ENMU,UI
2021-04-14,20,0,1,LOSC,UI
2021-04-14,20,0,1,HISP,UI
2021-04-14,20,0,1,ULSP,UI
2021-04-14,20,0,1,NUOS,UI
2021-04-14,20,0,1,POLY,UI
2021-04-14,20,0,1,AMSP,UI
2021-04-14,21,76,1,SECA,UI
2021-04-14,21,0,1,BAGL,UI
2021-04-14,21,1,1,CHDA,UI
2021-04-14,21,4,1,LOPA,UI
2021-04-14,21,21,1,LODI,UI
2021-04-14,21,0,1,LISI,UI
2021-04-14,21,3,1,LISC,UI
2021-04-14,21,0.277777778,1,FUDI,UI
2021-04-14,21,2,1,MYSP,UI
2021-04-14,21,0,1,ANEL,UI
2021-04-14,21,0,1,POPL,UI
2021-04-14,21,0,1,COVA,UI
2021-04-14,21,1,1,NERE,UI
2021-04-14,21,1,1,AMPH,UI
2021-04-14,21,1,1,ISOP,UI
2021-04-14,21,0,1,ONBI,UI
2021-04-14,21,0,1,LOPE,UI
2021-04-14,21,0,1,ENMU,UI
2021-04-14,21,0,1,LOSC,UI
2021-04-14,21,0,1,HISP,UI
2021-04-14,21,0,1,ULSP,UI
2021-04-14,21,0,1,NUOS,UI
2021-04-14,21,0,1,POLY,UI
2021-04-14,21,0,1,AMSP,UI
2021-04-14,23,49,2,SECA,SI
2021-04-14,23,0,2,BAGL,SI
2021-04-14,23,8,2,CHDA,SI
2021-04-14,23,7,2,LOPA,SI
2021-04-14,23,11,2,LODI,SI
2021-04-14,23,0,2,LISI,SI
2021-04-14,23,4,2,LISC,SI
2021-04-14,23,0.694444444,2,FUDI,SI
2021-04-14,23,0,2,MYSP,SI
2021-04-14,23,0,2,ANEL,SI
2021-04-14,23,0,2,POPL,SI
2021-04-14,23,0,2,COVA,SI
2021-04-14,23,0,2,NERE,SI
2021-04-14,23,0,2,AMPH,SI
2021-04-14,23,0,2,ISOP,SI
2021-04-14,23,1,2,ONBI,SI
2021-04-14,23,0,2,LOPE,SI
2021-04-14,23,0,2,ENMU,SI
2021-04-14,23,0,2,LOSC,SI
2021-04-14,23,0,2,HISP,SI
2021-04-14,23,0,2,ULSP,SI
2021-04-14,23,0,2,NUOS,SI
2021-04-14,23,0,2,POLY,SI
2021-04-14,23,0,2,AMSP,SI
2021-04-14,27,43,1,SECA,UI
2021-04-14,27,1,1,BAGL,UI
2021-04-14,27,4,1,CHDA,UI
2021-04-14,27,4,1,LOPA,UI
2021-04-14,27,4,1,LODI,UI
2021-04-14,27,0,1,LISI,UI
2021-04-14,27,2,1,LISC,UI
2021-04-14,27,25,1,FUDI,UI
2021-04-14,27,0,1,MYSP,UI
2021-04-14,27,7,1,ANEL,UI
2021-04-14,27,0,1,POPL,UI
2021-04-14,27,0,1,COVA,UI
2021-04-14,27,0,1,NERE,UI
2021-04-14,27,0,1,AMPH,UI
2021-04-14,27,0,1,ISOP,UI
2021-04-14,27,0,1,ONBI,UI
2021-04-14,27,4,1,LOPE,UI
2021-04-14,27,0,1,ENMU,UI
2021-04-14,27,0,1,LOSC,UI
2021-04-14,27,0,1,HISP,UI
2021-04-14,27,0,1,ULSP,UI
2021-04-14,27,0,1,NUOS,UI
2021-04-14,27,0,1,POLY,UI
2021-04-14,27,0,1,AMSP,UI
2021-04-14,28,66,2,SECA,SI
2021-04-14,28,0,2,BAGL,SI
2021-04-14,28,5,2,CHDA,SI
2021-04-14,28,14,2,LOPA,SI
2021-04-14,28,18,2,LODI,SI
2021-04-14,28,0,2,LISI,SI
2021-04-14,28,7,2,LISC,SI
2021-04-14,28,16.66666667,2,FUDI,SI
2021-04-14,28,1,2,MYSP,SI
2021-04-14,28,9,2,ANEL,SI
2021-04-14,28,0,2,POPL,SI
2021-04-14,28,0,2,COVA,SI
2021-04-14,28,0,2,NERE,SI
2021-04-14,28,1,2,AMPH,SI
2021-04-14,28,0,2,ISOP,SI
2021-04-14,28,0,2,ONBI,SI
2021-04-14,28,0,2,LOPE,SI
2021-04-14,28,0.277777778,2,ENMU,SI
2021-04-14,28,0,2,LOSC,SI
2021-04-14,28,0,2,HISP,SI
2021-04-14,28,0,2,ULSP,SI
2021-04-14,28,0,2,NUOS,SI
2021-04-14,28,0,2,POLY,SI
2021-04-14,28,0,2,AMSP,SI
2021-04-14,30,76,2,SECA,SI
2021-04-14,30,0,2,BAGL,SI
2021-04-14,30,0,2,CHDA,SI
2021-04-14,30,18,2,LOPA,SI
2021-04-14,30,23,2,LODI,SI
2021-04-14,30,0,2,LISI,SI
2021-04-14,30,10,2,LISC,SI
2021-04-14,30,6.944444444,2,FUDI,SI
2021-04-14,30,1,2,MYSP,SI
2021-04-14,30,3,2,ANEL,SI
2021-04-14,30,0,2,POPL,SI
2021-04-14,30,0.4,2,COVA,SI
2021-04-14,30,0,2,NERE,SI
2021-04-14,30,1,2,AMPH,SI
2021-04-14,30,0,2,ISOP,SI
2021-04-14,30,0,2,ONBI,SI
2021-04-14,30,0,2,LOPE,SI
2021-04-14,30,0,2,ENMU,SI
2021-04-14,30,0,2,LOSC,SI
2021-04-14,30,0,2,HISP,SI
2021-04-14,30,0,2,ULSP,SI
2021-04-14,30,0,2,NUOS,SI
2021-04-14,30,0,2,POLY,SI
2021-04-14,30,0,2,AMSP,SI
2021-04-14,31,66,1,SECA,UI
2021-04-14,31,0,1,BAGL,UI
2021-04-14,31,2,1,CHDA,UI
2021-04-14,31,12,1,LOPA,UI
2021-04-14,31,21,1,LODI,UI
2021-04-14,31,0,1,LISI,UI
2021-04-14,31,9,1,LISC,UI
2021-04-14,31,0.694444444,1,FUDI,UI
2021-04-14,31,0,1,MYSP,UI
2021-04-14,31,2,1,ANEL,UI
2021-04-14,31,0,1,POPL,UI
2021-04-14,31,0,1,COVA,UI
2021-04-14,31,0,1,NERE,UI
2021-04-14,31,0,1,AMPH,UI
2021-04-14,31,0,1,ISOP,UI
2021-04-14,31,1,1,ONBI,UI
2021-04-14,31,1,1,LOPE,UI
2021-04-14,31,0,1,ENMU,UI
2021-04-14,31,2,1,LOSC,UI
2021-04-14,31,0,1,HISP,UI
2021-04-14,31,0,1,ULSP,UI
2021-04-14,31,0,1,NUOS,UI
2021-04-14,31,0,1,POLY,UI
2021-04-14,31,0,1,AMSP,UI
2021-04-14,33,63,1,SECA,UI
2021-04-14,33,0,1,BAGL,UI
2021-04-14,33,28,1,CHDA,UI
2021-04-14,33,10,1,LOPA,UI
2021-04-14,33,23,1,LODI,UI
2021-04-14,33,0,1,LISI,UI
2021-04-14,33,6,1,LISC,UI
2021-04-14,33,4.861111111,1,FUDI,UI
2021-04-14,33,0,1,MYSP,UI
2021-04-14,33,0,1,ANEL,UI
2021-04-14,33,0,1,POPL,UI
2021-04-14,33,0,1,COVA,UI
2021-04-14,33,0,1,NERE,UI
2021-04-14,33,0,1,AMPH,UI
2021-04-14,33,0,1,ISOP,UI
2021-04-14,33,0,1,ONBI,UI
2021-04-14,33,0,1,LOPE,UI
2021-04-14,33,0.416666667,1,ENMU,UI
2021-04-14,33,0,1,LOSC,UI
2021-04-14,33,0,1,HISP,UI
2021-04-14,33,0,1,ULSP,UI
2021-04-14,33,0,1,NUOS,UI
2021-04-14,33,0,1,POLY,UI
2021-04-14,33,0,1,AMSP,UI
2021-04-14,35,85,2,SECA,SI
2021-04-14,35,0,2,BAGL,SI
2021-04-14,35,1,2,CHDA,SI
2021-04-14,35,16,2,LOPA,SI
2021-04-14,35,31,2,LODI,SI
2021-04-14,35,0,2,LISI,SI
2021-04-14,35,13,2,LISC,SI
2021-04-14,35,9.027777778,2,FUDI,SI
2021-04-14,35,0,2,MYSP,SI
2021-04-14,35,5,2,ANEL,SI
2021-04-14,35,0,2,POPL,SI
2021-04-14,35,0,2,COVA,SI
2021-04-14,35,0,2,NERE,SI
2021-04-14,35,0,2,AMPH,SI
2021-04-14,35,0,2,ISOP,SI
2021-04-14,35,0,2,ONBI,SI
2021-04-14,35,0,2,LOPE,SI
2021-04-14,35,0.277777778,2,ENMU,SI
2021-04-14,35,0,2,LOSC,SI
2021-04-14,35,0,2,HISP,SI
2021-04-14,35,0,2,ULSP,SI
2021-04-14,35,0,2,NUOS,SI
2021-04-14,35,0,2,POLY,SI
2021-04-14,35,0,2,AMSP,SI
2021-04-14,39,60,1,SECA,UI
2021-04-14,39,0,1,BAGL,UI
2021-04-14,39,25,1,CHDA,UI
2021-04-14,39,16,1,LOPA,UI
2021-04-14,39,19,1,LODI,UI
2021-04-14,39,0,1,LISI,UI
2021-04-14,39,9,1,LISC,UI
2021-04-14,39,0.694444444,1,FUDI,UI
2021-04-14,39,0,1,MYSP,UI
2021-04-14,39,4,1,ANEL,UI
2021-04-14,39,0,1,POPL,UI
2021-04-14,39,0,1,COVA,UI
2021-04-14,39,0,1,NERE,UI
2021-04-14,39,0,1,AMPH,UI
2021-04-14,39,0,1,ISOP,UI
2021-04-14,39,0,1,ONBI,UI
2021-04-14,39,0,1,LOPE,UI
2021-04-14,39,2.777777778,1,ENMU,UI
2021-04-14,39,0,1,LOSC,UI
2021-04-14,39,0,1,HISP,UI
2021-04-14,39,0,1,ULSP,UI
2021-04-14,39,0,1,NUOS,UI
2021-04-14,39,0,1,POLY,UI
2021-04-14,39,0,1,AMSP,UI
2021-04-14,40,79,2,SECA,SI
2021-04-14,40,0,2,BAGL,SI
2021-04-14,40,2,2,CHDA,SI
2021-04-14,40,12,2,LOPA,SI
2021-04-14,40,32,2,LODI,SI
2021-04-14,40,0,2,LISI,SI
2021-04-14,40,11,2,LISC,SI
2021-04-14,40,11.11111111,2,FUDI,SI
2021-04-14,40,1,2,MYSP,SI
2021-04-14,40,0,2,ANEL,SI
2021-04-14,40,0,2,POPL,SI
2021-04-14,40,0,2,COVA,SI
2021-04-14,40,0,2,NERE,SI
2021-04-14,40,0,2,AMPH,SI
2021-04-14,40,0,2,ISOP,SI
2021-04-14,40,0,2,ONBI,SI
2021-04-14,40,0,2,LOPE,SI
2021-04-14,40,0,2,ENMU,SI
2021-04-14,40,0,2,LOSC,SI
2021-04-14,40,0,2,HISP,SI
2021-04-14,40,0,2,ULSP,SI
2021-04-14,40,0,2,NUOS,SI
2021-04-14,40,0,2,POLY,SI
2021-04-14,40,0,2,AMSP,SI
2021-04-14,41,45,1,SECA,UI
2021-04-14,41,0,1,BAGL,UI
2021-04-14,41,2,1,CHDA,UI
2021-04-14,41,6,1,LOPA,UI
2021-04-14,41,9,1,LODI,UI
2021-04-14,41,0,1,LISI,UI
2021-04-14,41,1,1,LISC,UI
2021-04-14,41,1.388888889,1,FUDI,UI
2021-04-14,41,0,1,MYSP,UI
2021-04-14,41,12,1,ANEL,UI
2021-04-14,41,0,1,POPL,UI
2021-04-14,41,0,1,COVA,UI
2021-04-14,41,0,1,NERE,UI
2021-04-14,41,0,1,AMPH,UI
2021-04-14,41,0,1,ISOP,UI
2021-04-14,41,0,1,ONBI,UI
2021-04-14,41,3,1,LOPE,UI
2021-04-14,41,0.277777778,1,ENMU,UI
2021-04-14,41,0,1,LOSC,UI
2021-04-14,41,0,1,HISP,UI
2021-04-14,41,0,1,ULSP,UI
2021-04-14,41,0,1,NUOS,UI
2021-04-14,41,0,1,POLY,UI
2021-04-14,41,0,1,AMSP,UI
2021-04-14,42,47,2,SECA,SI
2021-04-14,42,0,2,BAGL,SI
2021-04-14,42,21,2,CHDA,SI
2021-04-14,42,9,2,LOPA,SI
2021-04-14,42,5,2,LODI,SI
2021-04-14,42,0,2,LISI,SI
2021-04-14,42,1,2,LISC,SI
2021-04-14,42,0,2,FUDI,SI
2021-04-14,42,1,2,MYSP,SI
2021-04-14,42,11,2,ANEL,SI
2021-04-14,42,0,2,POPL,SI
2021-04-14,42,0,2,COVA,SI
2021-04-14,42,0,2,NERE,SI
2021-04-14,42,0,2,AMPH,SI
2021-04-14,42,0,2,ISOP,SI
2021-04-14,42,0,2,ONBI,SI
2021-04-14,42,1,2,LOPE,SI
2021-04-14,42,0,2,ENMU,SI
2021-04-14,42,0,2,LOSC,SI
2021-04-14,42,0,2,HISP,SI
2021-04-14,42,0,2,ULSP,SI
2021-04-14,42,0,2,NUOS,SI
2021-04-14,42,0,2,POLY,SI
2021-04-14,42,0,2,AMSP,SI
2021-04-14,45,52,1,SECA,UI
2021-04-14,45,0,1,BAGL,UI
2021-04-14,45,3,1,CHDA,UI
2021-04-14,45,2,1,LOPA,UI
2021-04-14,45,0,1,LODI,UI
2021-04-14,45,0,1,LISI,UI
2021-04-14,45,0,1,LISC,UI
2021-04-14,45,4.166666667,1,FUDI,UI
2021-04-14,45,0,1,MYSP,UI
2021-04-14,45,2,1,ANEL,UI
2021-04-14,45,0,1,POPL,UI
2021-04-14,45,0,1,COVA,UI
2021-04-14,45,0,1,NERE,UI
2021-04-14,45,0,1,AMPH,UI
2021-04-14,45,0,1,ISOP,UI
2021-04-14,45,0,1,ONBI,UI
2021-04-14,45,1,1,LOPE,UI
2021-04-14,45,0,1,ENMU,UI
2021-04-14,45,0,1,LOSC,UI
2021-04-14,45,0,1,HISP,UI
2021-04-14,45,0,1,ULSP,UI
2021-04-14,45,0,1,NUOS,UI
2021-04-14,45,0,1,POLY,UI
2021-04-14,45,0,1,AMSP,UI
2021-04-14,47,61,2,SECA,SI
2021-04-14,47,8,2,BAGL,SI
2021-04-14,47,73,2,CHDA,SI
2021-04-14,47,18,2,LOPA,SI
2021-04-14,47,39,2,LODI,SI
2021-04-14,47,0,2,LISI,SI
2021-04-14,47,1,2,LISC,SI
2021-04-14,47,2.083333333,2,FUDI,SI
2021-04-14,47,7,2,MYSP,SI
2021-04-14,47,0,2,ANEL,SI
2021-04-14,47,0,2,POPL,SI
2021-04-14,47,0,2,COVA,SI
2021-04-14,47,0,2,NERE,SI
2021-04-14,47,0,2,AMPH,SI
2021-04-14,47,0,2,ISOP,SI
2021-04-14,47,0,2,ONBI,SI
2021-04-14,47,0,2,LOPE,SI
2021-04-14,47,0.277777778,2,ENMU,SI
2021-04-14,47,0,2,LOSC,SI
2021-04-14,47,0,2,HISP,SI
2021-04-14,47,0,2,ULSP,SI
2021-04-14,47,0,2,NUOS,SI
2021-04-14,47,0,2,POLY,SI
2021-04-14,47,0,2,AMSP,SI
2021-04-14,1,0,3,SECA,UR
2021-04-14,1,0,3,BAGL,UR
2021-04-14,1,0,3,CHDA,UR
2021-04-14,1,0,3,LOPA,UR
2021-04-14,1,0,3,LODI,UR
2021-04-14,1,0,3,LISI,UR
2021-04-14,1,0,3,LISC,UR
2021-04-14,1,0,3,FUDI,UR
2021-04-14,1,0,3,MYSP,UR
2021-04-14,1,0,3,ANEL,UR
2021-04-14,1,0,3,POPL,UR
2021-04-14,1,0,3,COVA,UR
2021-04-14,1,0,3,NERE,UR
2021-04-14,1,0,3,AMPH,UR
2021-04-14,1,0,3,ISOP,UR
2021-04-14,1,0,3,ONBI,UR
2021-04-14,1,0,3,LOPE,UR
2021-04-14,1,0,3,ENMU,UR
2021-04-14,1,0,3,LOSC,UR
2021-04-14,1,0,3,HISP,UR
2021-04-14,1,0,3,ULSP,UR
2021-04-14,1,0,3,NUOS,UR
2021-04-14,1,0,3,POLY,UR
2021-04-14,1,0,3,AMSP,UR
2021-04-14,2,0,4,SECA,SR
2021-04-14,2,0,4,BAGL,SR
2021-04-14,2,0,4,CHDA,SR
2021-04-14,2,0,4,LOPA,SR
2021-04-14,2,0,4,LODI,SR
2021-04-14,2,0,4,LISI,SR
2021-04-14,2,0,4,LISC,SR
2021-04-14,2,0,4,FUDI,SR
2021-04-14,2,0,4,MYSP,SR
2021-04-14,2,0,4,ANEL,SR
2021-04-14,2,0,4,POPL,SR
2021-04-14,2,0,4,COVA,SR
2021-04-14,2,0,4,NERE,SR
2021-04-14,2,0,4,AMPH,SR
2021-04-14,2,0,4,ISOP,SR
2021-04-14,2,0,4,ONBI,SR
2021-04-14,2,0,4,LOPE,SR
2021-04-14,2,0,4,ENMU,SR
2021-04-14,2,0,4,LOSC,SR
2021-04-14,2,0,4,HISP,SR
2021-04-14,2,0,4,ULSP,SR
2021-04-14,2,0,4,NUOS,SR
2021-04-14,2,0,4,POLY,SR
2021-04-14,2,0,4,AMSP,SR
2021-04-14,8,0,3,SECA,UR
2021-04-14,8,0,3,BAGL,UR
2021-04-14,8,0,3,CHDA,UR
2021-04-14,8,0,3,LOPA,UR
2021-04-14,8,0,3,LODI,UR
2021-04-14,8,0,3,LISI,UR
2021-04-14,8,0,3,LISC,UR
2021-04-14,8,0,3,FUDI,UR
2021-04-14,8,0,3,MYSP,UR
2021-04-14,8,0,3,ANEL,UR
2021-04-14,8,0,3,POPL,UR
2021-04-14,8,0,3,COVA,UR
2021-04-14,8,0,3,NERE,UR
2021-04-14,8,0,3,AMPH,UR
2021-04-14,8,0,3,ISOP,UR
2021-04-14,8,0,3,ONBI,UR
2021-04-14,8,0,3,LOPE,UR
2021-04-14,8,0,3,ENMU,UR
2021-04-14,8,0,3,LOSC,UR
2021-04-14,8,0,3,HISP,UR
2021-04-14,8,0,3,ULSP,UR
2021-04-14,8,0,3,NUOS,UR
2021-04-14,8,0,3,POLY,UR
2021-04-14,8,0,3,AMSP,UR
2021-04-14,5,0,4,SECA,SR
2021-04-14,5,0,4,BAGL,SR
2021-04-14,5,0,4,CHDA,SR
2021-04-14,5,0,4,LOPA,SR
2021-04-14,5,0,4,LODI,SR
2021-04-14,5,0,4,LISI,SR
2021-04-14,5,0,4,LISC,SR
2021-04-14,5,0,4,FUDI,SR
2021-04-14,5,0,4,MYSP,SR
2021-04-14,5,0,4,ANEL,SR
2021-04-14,5,0,4,POPL,SR
2021-04-14,5,0,4,COVA,SR
2021-04-14,5,0,4,NERE,SR
2021-04-14,5,0,4,AMPH,SR
2021-04-14,5,0,4,ISOP,SR
2021-04-14,5,0,4,ONBI,SR
2021-04-14,5,0,4,LOPE,SR
2021-04-14,5,0,4,ENMU,SR
2021-04-14,5,0,4,LOSC,SR
2021-04-14,5,0,4,HISP,SR
2021-04-14,5,0,4,ULSP,SR
2021-04-14,5,0,4,NUOS,SR
2021-04-14,5,0,4,POLY,SR
2021-04-14,5,0,4,AMSP,SR
2021-04-14,9,0,3,SECA,UR
2021-04-14,9,0,3,BAGL,UR
2021-04-14,9,0,3,CHDA,UR
2021-04-14,9,0,3,LOPA,UR
2021-04-14,9,0,3,LODI,UR
2021-04-14,9,0,3,LISI,UR
2021-04-14,9,0,3,LISC,UR
2021-04-14,9,0,3,FUDI,UR
2021-04-14,9,0,3,MYSP,UR
2021-04-14,9,0,3,ANEL,UR
2021-04-14,9,0,3,POPL,UR
2021-04-14,9,0,3,COVA,UR
2021-04-14,9,0,3,NERE,UR
2021-04-14,9,0,3,AMPH,UR
2021-04-14,9,0,3,ISOP,UR
2021-04-14,9,0,3,ONBI,UR
2021-04-14,9,0,3,LOPE,UR
2021-04-14,9,0,3,ENMU,UR
2021-04-14,9,0,3,LOSC,UR
2021-04-14,9,0,3,HISP,UR
2021-04-14,9,0,3,ULSP,UR
2021-04-14,9,0,3,NUOS,UR
2021-04-14,9,0,3,POLY,UR
2021-04-14,9,0,3,AMSP,UR
2021-04-14,10,0,4,SECA,SR
2021-04-14,10,0,4,BAGL,SR
2021-04-14,10,0,4,CHDA,SR
2021-04-14,10,0,4,LOPA,SR
2021-04-14,10,0,4,LODI,SR
2021-04-14,10,0,4,LISI,SR
2021-04-14,10,0,4,LISC,SR
2021-04-14,10,0,4,FUDI,SR
2021-04-14,10,0,4,MYSP,SR
2021-04-14,10,0,4,ANEL,SR
2021-04-14,10,0,4,POPL,SR
2021-04-14,10,0,4,COVA,SR
2021-04-14,10,0,4,NERE,SR
2021-04-14,10,0,4,AMPH,SR
2021-04-14,10,0,4,ISOP,SR
2021-04-14,10,0,4,ONBI,SR
2021-04-14,10,0,4,LOPE,SR
2021-04-14,10,0,4,ENMU,SR
2021-04-14,10,0,4,LOSC,SR
2021-04-14,10,0,4,HISP,SR
2021-04-14,10,0,4,ULSP,SR
2021-04-14,10,0,4,NUOS,SR
2021-04-14,10,0,4,POLY,SR
2021-04-14,10,0,4,AMSP,SR
2021-04-14,13,0,3,SECA,UR
2021-04-14,13,0,3,BAGL,UR
2021-04-14,13,0,3,CHDA,UR
2021-04-14,13,0,3,LOPA,UR
2021-04-14,13,0,3,LODI,UR
2021-04-14,13,0,3,LISI,UR
2021-04-14,13,0,3,LISC,UR
2021-04-14,13,0,3,FUDI,UR
2021-04-14,13,0,3,MYSP,UR
2021-04-14,13,0,3,ANEL,UR
2021-04-14,13,0,3,POPL,UR
2021-04-14,13,0,3,COVA,UR
2021-04-14,13,0,3,NERE,UR
2021-04-14,13,0,3,AMPH,UR
2021-04-14,13,0,3,ISOP,UR
2021-04-14,13,0,3,ONBI,UR
2021-04-14,13,0,3,LOPE,UR
2021-04-14,13,0,3,ENMU,UR
2021-04-14,13,0,3,LOSC,UR
2021-04-14,13,0,3,HISP,UR
2021-04-14,13,0,3,ULSP,UR
2021-04-14,13,0,3,NUOS,UR
2021-04-14,13,0,3,POLY,UR
2021-04-14,13,0,3,AMSP,UR
2021-04-14,15,0,4,SECA,SR
2021-04-14,15,0,4,BAGL,SR
2021-04-14,15,0,4,CHDA,SR
2021-04-14,15,0,4,LOPA,SR
2021-04-14,15,0,4,LODI,SR
2021-04-14,15,0,4,LISI,SR
2021-04-14,15,0,4,LISC,SR
2021-04-14,15,0,4,FUDI,SR
2021-04-14,15,0,4,MYSP,SR
2021-04-14,15,0,4,ANEL,SR
2021-04-14,15,0,4,POPL,SR
2021-04-14,15,0,4,COVA,SR
2021-04-14,15,0,4,NERE,SR
2021-04-14,15,0,4,AMPH,SR
2021-04-14,15,0,4,ISOP,SR
2021-04-14,15,0,4,ONBI,SR
2021-04-14,15,0,4,LOPE,SR
2021-04-14,15,0,4,ENMU,SR
2021-04-14,15,0,4,LOSC,SR
2021-04-14,15,0,4,HISP,SR
2021-04-14,15,0,4,ULSP,SR
2021-04-14,15,0,4,NUOS,SR
2021-04-14,15,0,4,POLY,SR
2021-04-14,15,0,4,AMSP,SR
2021-04-14,17,0,3,SECA,UR
2021-04-14,17,0,3,BAGL,UR
2021-04-14,17,0,3,CHDA,UR
2021-04-14,17,0,3,LOPA,UR
2021-04-14,17,0,3,LODI,UR
2021-04-14,17,0,3,LISI,UR
2021-04-14,17,0,3,LISC,UR
2021-04-14,17,0,3,FUDI,UR
2021-04-14,17,0,3,MYSP,UR
2021-04-14,17,0,3,ANEL,UR
2021-04-14,17,0,3,POPL,UR
2021-04-14,17,0,3,COVA,UR
2021-04-14,17,0,3,NERE,UR
2021-04-14,17,0,3,AMPH,UR
2021-04-14,17,0,3,ISOP,UR
2021-04-14,17,0,3,ONBI,UR
2021-04-14,17,0,3,LOPE,UR
2021-04-14,17,0,3,ENMU,UR
2021-04-14,17,0,3,LOSC,UR
2021-04-14,17,0,3,HISP,UR
2021-04-14,17,0,3,ULSP,UR
2021-04-14,17,0,3,NUOS,UR
2021-04-14,17,0,3,POLY,UR
2021-04-14,17,0,3,AMSP,UR
2021-04-14,18,0,4,SECA,SR
2021-04-14,18,0,4,BAGL,SR
2021-04-14,18,0,4,CHDA,SR
2021-04-14,18,0,4,LOPA,SR
2021-04-14,18,0,4,LODI,SR
2021-04-14,18,0,4,LISI,SR
2021-04-14,18,0,4,LISC,SR
2021-04-14,18,0,4,FUDI,SR
2021-04-14,18,0,4,MYSP,SR
2021-04-14,18,0,4,ANEL,SR
2021-04-14,18,0,4,POPL,SR
2021-04-14,18,0,4,COVA,SR
2021-04-14,18,0,4,NERE,SR
2021-04-14,18,0,4,AMPH,SR
2021-04-14,18,0,4,ISOP,SR
2021-04-14,18,0,4,ONBI,SR
2021-04-14,18,0,4,LOPE,SR
2021-04-14,18,0,4,ENMU,SR
2021-04-14,18,0,4,LOSC,SR
2021-04-14,18,0,4,HISP,SR
2021-04-14,18,0,4,ULSP,SR
2021-04-14,18,0,4,NUOS,SR
2021-04-14,18,0,4,POLY,SR
2021-04-14,18,0,4,AMSP,SR
2021-04-14,24,0,3,SECA,UR
2021-04-14,24,0,3,BAGL,UR
2021-04-14,24,0,3,CHDA,UR
2021-04-14,24,0,3,LOPA,UR
2021-04-14,24,0,3,LODI,UR
2021-04-14,24,0,3,LISI,UR
2021-04-14,24,0,3,LISC,UR
2021-04-14,24,0,3,FUDI,UR
2021-04-14,24,0,3,MYSP,UR
2021-04-14,24,0,3,ANEL,UR
2021-04-14,24,0,3,POPL,UR
2021-04-14,24,0,3,COVA,UR
2021-04-14,24,0,3,NERE,UR
2021-04-14,24,0,3,AMPH,UR
2021-04-14,24,0,3,ISOP,UR
2021-04-14,24,0,3,ONBI,UR
2021-04-14,24,0,3,LOPE,UR
2021-04-14,24,0,3,ENMU,UR
2021-04-14,24,0,3,LOSC,UR
2021-04-14,24,0,3,HISP,UR
2021-04-14,24,0,3,ULSP,UR
2021-04-14,24,0,3,NUOS,UR
2021-04-14,24,0,3,POLY,UR
2021-04-14,24,0,3,AMSP,UR
2021-04-14,22,0,4,SECA,SR
2021-04-14,22,0,4,BAGL,SR
2021-04-14,22,0,4,CHDA,SR
2021-04-14,22,0,4,LOPA,SR
2021-04-14,22,0,4,LODI,SR
2021-04-14,22,0,4,LISI,SR
2021-04-14,22,0,4,LISC,SR
2021-04-14,22,0,4,FUDI,SR
2021-04-14,22,0,4,MYSP,SR
2021-04-14,22,0,4,ANEL,SR
2021-04-14,22,0,4,POPL,SR
2021-04-14,22,0,4,COVA,SR
2021-04-14,22,0,4,NERE,SR
2021-04-14,22,0,4,AMPH,SR
2021-04-14,22,0,4,ISOP,SR
2021-04-14,22,0,4,ONBI,SR
2021-04-14,22,0,4,LOPE,SR
2021-04-14,22,0,4,ENMU,SR
2021-04-14,22,0,4,LOSC,SR
2021-04-14,22,0,4,HISP,SR
2021-04-14,22,0,4,ULSP,SR
2021-04-14,22,0,4,NUOS,SR
2021-04-14,22,0,4,POLY,SR
2021-04-14,22,0,4,AMSP,SR
2021-04-14,25,0,3,SECA,UR
2021-04-14,25,0,3,BAGL,UR
2021-04-14,25,0,3,CHDA,UR
2021-04-14,25,0,3,LOPA,UR
2021-04-14,25,0,3,LODI,UR
2021-04-14,25,0,3,LISI,UR
2021-04-14,25,0,3,LISC,UR
2021-04-14,25,0,3,FUDI,UR
2021-04-14,25,0,3,MYSP,UR
2021-04-14,25,0,3,ANEL,UR
2021-04-14,25,0,3,POPL,UR
2021-04-14,25,0,3,COVA,UR
2021-04-14,25,0,3,NERE,UR
2021-04-14,25,0,3,AMPH,UR
2021-04-14,25,0,3,ISOP,UR
2021-04-14,25,0,3,ONBI,UR
2021-04-14,25,0,3,LOPE,UR
2021-04-14,25,0,3,ENMU,UR
2021-04-14,25,0,3,LOSC,UR
2021-04-14,25,0,3,HISP,UR
2021-04-14,25,0,3,ULSP,UR
2021-04-14,25,0,3,NUOS,UR
2021-04-14,25,0,3,POLY,UR
2021-04-14,25,0,3,AMSP,UR
2021-04-14,26,0,4,SECA,SR
2021-04-14,26,0,4,BAGL,SR
2021-04-14,26,0,4,CHDA,SR
2021-04-14,26,0,4,LOPA,SR
2021-04-14,26,0,4,LODI,SR
2021-04-14,26,0,4,LISI,SR
2021-04-14,26,0,4,LISC,SR
2021-04-14,26,0,4,FUDI,SR
2021-04-14,26,0,4,MYSP,SR
2021-04-14,26,0,4,ANEL,SR
2021-04-14,26,0,4,POPL,SR
2021-04-14,26,0,4,COVA,SR
2021-04-14,26,0,4,NERE,SR
2021-04-14,26,0,4,AMPH,SR
2021-04-14,26,0,4,ISOP,SR
2021-04-14,26,0,4,ONBI,SR
2021-04-14,26,0,4,LOPE,SR
2021-04-14,26,0,4,ENMU,SR
2021-04-14,26,0,4,LOSC,SR
2021-04-14,26,0,4,HISP,SR
2021-04-14,26,0,4,ULSP,SR
2021-04-14,26,0,4,NUOS,SR
2021-04-14,26,0,4,POLY,SR
2021-04-14,26,0,4,AMSP,SR
2021-04-14,32,0,3,SECA,UR
2021-04-14,32,0,3,BAGL,UR
2021-04-14,32,0,3,CHDA,UR
2021-04-14,32,0,3,LOPA,UR
2021-04-14,32,0,3,LODI,UR
2021-04-14,32,0,3,LISI,UR
2021-04-14,32,0,3,LISC,UR
2021-04-14,32,0,3,FUDI,UR
2021-04-14,32,0,3,MYSP,UR
2021-04-14,32,0,3,ANEL,UR
2021-04-14,32,0,3,POPL,UR
2021-04-14,32,0,3,COVA,UR
2021-04-14,32,0,3,NERE,UR
2021-04-14,32,0,3,AMPH,UR
2021-04-14,32,0,3,ISOP,UR
2021-04-14,32,0,3,ONBI,UR
2021-04-14,32,0,3,LOPE,UR
2021-04-14,32,0,3,ENMU,UR
2021-04-14,32,0,3,LOSC,UR
2021-04-14,32,0,3,HISP,UR
2021-04-14,32,0,3,ULSP,UR
2021-04-14,32,0,3,NUOS,UR
2021-04-14,32,0,3,POLY,UR
2021-04-14,32,0,3,AMSP,UR
2021-04-14,29,0,4,SECA,SR
2021-04-14,29,0,4,BAGL,SR
2021-04-14,29,0,4,CHDA,SR
2021-04-14,29,0,4,LOPA,SR
2021-04-14,29,0,4,LODI,SR
2021-04-14,29,0,4,LISI,SR
2021-04-14,29,0,4,LISC,SR
2021-04-14,29,0,4,FUDI,SR
2021-04-14,29,0,4,MYSP,SR
2021-04-14,29,0,4,ANEL,SR
2021-04-14,29,0,4,POPL,SR
2021-04-14,29,0,4,COVA,SR
2021-04-14,29,0,4,NERE,SR
2021-04-14,29,0,4,AMPH,SR
2021-04-14,29,0,4,ISOP,SR
2021-04-14,29,0,4,ONBI,SR
2021-04-14,29,0,4,LOPE,SR
2021-04-14,29,0,4,ENMU,SR
2021-04-14,29,0,4,LOSC,SR
2021-04-14,29,0,4,HISP,SR
2021-04-14,29,0,4,ULSP,SR
2021-04-14,29,0,4,NUOS,SR
2021-04-14,29,0,4,POLY,SR
2021-04-14,29,0,4,AMSP,SR
2021-04-14,34,0,3,SECA,UR
2021-04-14,34,0,3,BAGL,UR
2021-04-14,34,0,3,CHDA,UR
2021-04-14,34,0,3,LOPA,UR
2021-04-14,34,0,3,LODI,UR
2021-04-14,34,0,3,LISI,UR
2021-04-14,34,0,3,LISC,UR
2021-04-14,34,0,3,FUDI,UR
2021-04-14,34,0,3,MYSP,UR
2021-04-14,34,0,3,ANEL,UR
2021-04-14,34,0,3,POPL,UR
2021-04-14,34,0,3,COVA,UR
2021-04-14,34,0,3,NERE,UR
2021-04-14,34,0,3,AMPH,UR
2021-04-14,34,0,3,ISOP,UR
2021-04-14,34,0,3,ONBI,UR
2021-04-14,34,0,3,LOPE,UR
2021-04-14,34,0,3,ENMU,UR
2021-04-14,34,0,3,LOSC,UR
2021-04-14,34,0,3,HISP,UR
2021-04-14,34,0,3,ULSP,UR
2021-04-14,34,0,3,NUOS,UR
2021-04-14,34,0,3,POLY,UR
2021-04-14,34,0,3,AMSP,UR
2021-04-14,36,0,4,SECA,SR
2021-04-14,36,0,4,BAGL,SR
2021-04-14,36,0,4,CHDA,SR
2021-04-14,36,0,4,LOPA,SR
2021-04-14,36,0,4,LODI,SR
2021-04-14,36,0,4,LISI,SR
2021-04-14,36,0,4,LISC,SR
2021-04-14,36,0,4,FUDI,SR
2021-04-14,36,0,4,MYSP,SR
2021-04-14,36,0,4,ANEL,SR
2021-04-14,36,0,4,POPL,SR
2021-04-14,36,0,4,COVA,SR
2021-04-14,36,0,4,NERE,SR
2021-04-14,36,0,4,AMPH,SR
2021-04-14,36,0,4,ISOP,SR
2021-04-14,36,0,4,ONBI,SR
2021-04-14,36,0,4,LOPE,SR
2021-04-14,36,0,4,ENMU,SR
2021-04-14,36,0,4,LOSC,SR
2021-04-14,36,0,4,HISP,SR
2021-04-14,36,0,4,ULSP,SR
2021-04-14,36,0,4,NUOS,SR
2021-04-14,36,0,4,POLY,SR
2021-04-14,36,0,4,AMSP,SR
2021-04-14,38,0,3,SECA,UR
2021-04-14,38,0,3,BAGL,UR
2021-04-14,38,0,3,CHDA,UR
2021-04-14,38,0,3,LOPA,UR
2021-04-14,38,0,3,LODI,UR
2021-04-14,38,0,3,LISI,UR
2021-04-14,38,0,3,LISC,UR
2021-04-14,38,0,3,FUDI,UR
2021-04-14,38,0,3,MYSP,UR
2021-04-14,38,0,3,ANEL,UR
2021-04-14,38,0,3,POPL,UR
2021-04-14,38,0,3,COVA,UR
2021-04-14,38,0,3,NERE,UR
2021-04-14,38,0,3,AMPH,UR
2021-04-14,38,0,3,ISOP,UR
2021-04-14,38,0,3,ONBI,UR
2021-04-14,38,0,3,LOPE,UR
2021-04-14,38,0,3,ENMU,UR
2021-04-14,38,0,3,LOSC,UR
2021-04-14,38,0,3,HISP,UR
2021-04-14,38,0,3,ULSP,UR
2021-04-14,38,0,3,NUOS,UR
2021-04-14,38,0,3,POLY,UR
2021-04-14,38,0,3,AMSP,UR
2021-04-14,37,0,4,SECA,SR
2021-04-14,37,0,4,BAGL,SR
2021-04-14,37,0,4,CHDA,SR
2021-04-14,37,0,4,LOPA,SR
2021-04-14,37,0,4,LODI,SR
2021-04-14,37,0,4,LISI,SR
2021-04-14,37,0,4,LISC,SR
2021-04-14,37,0,4,FUDI,SR
2021-04-14,37,0,4,MYSP,SR
2021-04-14,37,0,4,ANEL,SR
2021-04-14,37,0,4,POPL,SR
2021-04-14,37,0,4,COVA,SR
2021-04-14,37,0,4,NERE,SR
2021-04-14,37,0,4,AMPH,SR
2021-04-14,37,0,4,ISOP,SR
2021-04-14,37,0,4,ONBI,SR
2021-04-14,37,0,4,LOPE,SR
2021-04-14,37,0,4,ENMU,SR
2021-04-14,37,0,4,LOSC,SR
2021-04-14,37,0,4,HISP,SR
2021-04-14,37,0,4,ULSP,SR
2021-04-14,37,0,4,NUOS,SR
2021-04-14,37,0,4,POLY,SR
2021-04-14,37,0,4,AMSP,SR
2021-04-14,44,0,3,SECA,UR
2021-04-14,44,0,3,BAGL,UR
2021-04-14,44,0,3,CHDA,UR
2021-04-14,44,0,3,LOPA,UR
2021-04-14,44,0,3,LODI,UR
2021-04-14,44,0,3,LISI,UR
2021-04-14,44,0,3,LISC,UR
2021-04-14,44,0,3,FUDI,UR
2021-04-14,44,0,3,MYSP,UR
2021-04-14,44,0,3,ANEL,UR
2021-04-14,44,0,3,POPL,UR
2021-04-14,44,0,3,COVA,UR
2021-04-14,44,0,3,NERE,UR
2021-04-14,44,0,3,AMPH,UR
2021-04-14,44,0,3,ISOP,UR
2021-04-14,44,0,3,ONBI,UR
2021-04-14,44,0,3,LOPE,UR
2021-04-14,44,0,3,ENMU,UR
2021-04-14,44,0,3,LOSC,UR
2021-04-14,44,0,3,HISP,UR
2021-04-14,44,0,3,ULSP,UR
2021-04-14,44,0,3,NUOS,UR
2021-04-14,44,0,3,POLY,UR
2021-04-14,44,0,3,AMSP,UR
2021-04-14,43,0,4,SECA,SR
2021-04-14,43,0,4,BAGL,SR
2021-04-14,43,0,4,CHDA,SR
2021-04-14,43,0,4,LOPA,SR
2021-04-14,43,0,4,LODI,SR
2021-04-14,43,0,4,LISI,SR
2021-04-14,43,0,4,LISC,SR
2021-04-14,43,0,4,FUDI,SR
2021-04-14,43,0,4,MYSP,SR
2021-04-14,43,0,4,ANEL,SR
2021-04-14,43,0,4,POPL,SR
2021-04-14,43,0,4,COVA,SR
2021-04-14,43,0,4,NERE,SR
2021-04-14,43,0,4,AMPH,SR
2021-04-14,43,0,4,ISOP,SR
2021-04-14,43,0,4,ONBI,SR
2021-04-14,43,0,4,LOPE,SR
2021-04-14,43,0,4,ENMU,SR
2021-04-14,43,0,4,LOSC,SR
2021-04-14,43,0,4,HISP,SR
2021-04-14,43,0,4,ULSP,SR
2021-04-14,43,0,4,NUOS,SR
2021-04-14,43,0,4,POLY,SR
2021-04-14,43,0,4,AMSP,SR
2021-04-14,48,0,3,SECA,UR
2021-04-14,48,0,3,BAGL,UR
2021-04-14,48,0,3,CHDA,UR
2021-04-14,48,0,3,LOPA,UR
2021-04-14,48,0,3,LODI,UR
2021-04-14,48,0,3,LISI,UR
2021-04-14,48,0,3,LISC,UR
2021-04-14,48,0,3,FUDI,UR
2021-04-14,48,0,3,MYSP,UR
2021-04-14,48,0,3,ANEL,UR
2021-04-14,48,0,3,POPL,UR
2021-04-14,48,0,3,COVA,UR
2021-04-14,48,0,3,NERE,UR
2021-04-14,48,0,3,AMPH,UR
2021-04-14,48,0,3,ISOP,UR
2021-04-14,48,0,3,ONBI,UR
2021-04-14,48,0,3,LOPE,UR
2021-04-14,48,0,3,ENMU,UR
2021-04-14,48,0,3,LOSC,UR
2021-04-14,48,0,3,HISP,UR
2021-04-14,48,0,3,ULSP,UR
2021-04-14,48,0,3,NUOS,UR
2021-04-14,48,0,3,POLY,UR
2021-04-14,48,0,3,AMSP,UR
2021-04-14,46,0,4,SECA,SR
2021-04-14,46,0,4,BAGL,SR
2021-04-14,46,0,4,CHDA,SR
2021-04-14,46,0,4,LOPA,SR
2021-04-14,46,0,4,LODI,SR
2021-04-14,46,0,4,LISI,SR
2021-04-14,46,0,4,LISC,SR
2021-04-14,46,0,4,FUDI,SR
2021-04-14,46,0,4,MYSP,SR
2021-04-14,46,0,4,ANEL,SR
2021-04-14,46,0,4,POPL,SR
2021-04-14,46,0,4,COVA,SR
2021-04-14,46,0,4,NERE,SR
2021-04-14,46,0,4,AMPH,SR
2021-04-14,46,0,4,ISOP,SR
2021-04-14,46,0,4,ONBI,SR
2021-04-14,46,0,4,LOPE,SR
2021-04-14,46,0,4,ENMU,SR
2021-04-14,46,0,4,LOSC,SR
2021-04-14,46,0,4,HISP,SR
2021-04-14,46,0,4,ULSP,SR
2021-04-14,46,0,4,NUOS,SR
2021-04-14,46,0,4,POLY,SR
2021-04-14,46,0,4,AMSP,SR
2021-07-07,1,1,3,SECA,UR
2021-07-07,1,71,3,BAGL,UR
2021-07-07,1,16,3,CHDA,UR
2021-07-07,1,0,3,LOPA,UR
2021-07-07,1,0,3,LODI,UR
2021-07-07,1,0,3,LISI,UR
2021-07-07,1,1,3,LISC,UR
2021-07-07,1,0,3,FUDI,UR
2021-07-07,1,0,3,MYSP,UR
2021-07-07,1,0,3,ANEL,UR
2021-07-07,1,0,3,POPL,UR
2021-07-07,1,0,3,COVA,UR
2021-07-07,1,0,3,NERE,UR
2021-07-07,1,0,3,AMPH,UR
2021-07-07,1,0,3,ISOP,UR
2021-07-07,1,1,3,ONBI,UR
2021-07-07,1,0,3,LOPE,UR
2021-07-07,1,0,3,ENMU,UR
2021-07-07,1,0,3,LOSC,UR
2021-07-07,1,8,3,HISP,UR
2021-07-07,1,0,3,ULSP,UR
2021-07-07,1,0,3,NUOS,UR
2021-07-07,1,0,3,POLY,UR
2021-07-07,1,0,3,AMSP,UR
2021-07-07,2,10,4,SECA,SR
2021-07-07,2,113,4,BAGL,SR
2021-07-07,2,26,4,CHDA,SR
2021-07-07,2,8,4,LOPA,SR
2021-07-07,2,0,4,LODI,SR
2021-07-07,2,0,4,LISI,SR
2021-07-07,2,3,4,LISC,SR
2021-07-07,2,0.05,4,FUDI,SR
2021-07-07,2,0,4,MYSP,SR
2021-07-07,2,0,4,ANEL,SR
2021-07-07,2,0,4,POPL,SR
2021-07-07,2,0,4,COVA,SR
2021-07-07,2,0,4,NERE,SR
2021-07-07,2,0,4,AMPH,SR
2021-07-07,2,0,4,ISOP,SR
2021-07-07,2,0,4,ONBI,SR
2021-07-07,2,1,4,LOPE,SR
2021-07-07,2,0,4,ENMU,SR
2021-07-07,2,0,4,LOSC,SR
2021-07-07,2,7,4,HISP,SR
2021-07-07,2,0,4,ULSP,SR
2021-07-07,2,0,4,NUOS,SR
2021-07-07,2,0,4,POLY,SR
2021-07-07,2,0,4,AMSP,SR
2021-07-07,3,65,1,SECA,UI
2021-07-07,3,3,1,BAGL,UI
2021-07-07,3,5,1,CHDA,UI
2021-07-07,3,39,1,LOPA,UI
2021-07-07,3,21,1,LODI,UI
2021-07-07,3,2,1,LISI,UI
2021-07-07,3,18,1,LISC,UI
2021-07-07,3,0,1,FUDI,UI
2021-07-07,3,1,1,MYSP,UI
2021-07-07,3,0,1,ANEL,UI
2021-07-07,3,0,1,POPL,UI
2021-07-07,3,0,1,COVA,UI
2021-07-07,3,0,1,NERE,UI
2021-07-07,3,0,1,AMPH,UI
2021-07-07,3,0,1,ISOP,UI
2021-07-07,3,0,1,ONBI,UI
2021-07-07,3,1,1,LOPE,UI
2021-07-07,3,0,1,ENMU,UI
2021-07-07,3,0,1,LOSC,UI
2021-07-07,3,0,1,HISP,UI
2021-07-07,3,0,1,ULSP,UI
2021-07-07,3,0,1,NUOS,UI
2021-07-07,3,0,1,POLY,UI
2021-07-07,3,0,1,AMSP,UI
2021-07-07,4,61,2,SECA,SI
2021-07-07,4,3,2,BAGL,SI
2021-07-07,4,2,2,CHDA,SI
2021-07-07,4,21,2,LOPA,SI
2021-07-07,4,31,2,LODI,SI
2021-07-07,4,1,2,LISI,SI
2021-07-07,4,8,2,LISC,SI
2021-07-07,4,1,2,FUDI,SI
2021-07-07,4,3,2,MYSP,SI
2021-07-07,4,0,2,ANEL,SI
2021-07-07,4,4,2,POPL,SI
2021-07-07,4,0,2,COVA,SI
2021-07-07,4,0,2,NERE,SI
2021-07-07,4,0,2,AMPH,SI
2021-07-07,4,0,2,ISOP,SI
2021-07-07,4,1,2,ONBI,SI
2021-07-07,4,4,2,LOPE,SI
2021-07-07,4,0,2,ENMU,SI
2021-07-07,4,0,2,LOSC,SI
2021-07-07,4,1,2,HISP,SI
2021-07-07,4,0,2,ULSP,SI
2021-07-07,4,0,2,NUOS,SI
2021-07-07,4,0,2,POLY,SI
2021-07-07,4,0,2,AMSP,SI
2021-07-07,5,6,4,SECA,SR
2021-07-07,5,373,4,BAGL,SR
2021-07-07,5,28,4,CHDA,SR
2021-07-07,5,10,4,LOPA,SR
2021-07-07,5,1,4,LODI,SR
2021-07-07,5,0,4,LISI,SR
2021-07-07,5,0,4,LISC,SR
2021-07-07,5,1,4,FUDI,SR
2021-07-07,5,1,4,MYSP,SR
2021-07-07,5,0,4,ANEL,SR
2021-07-07,5,0,4,POPL,SR
2021-07-07,5,0,4,COVA,SR
2021-07-07,5,0,4,NERE,SR
2021-07-07,5,0,4,AMPH,SR
2021-07-07,5,0,4,ISOP,SR
2021-07-07,5,8,4,ONBI,SR
2021-07-07,5,2,4,LOPE,SR
2021-07-07,5,0,4,ENMU,SR
2021-07-07,5,0,4,LOSC,SR
2021-07-07,5,4,4,HISP,SR
2021-07-07,5,0,4,ULSP,SR
2021-07-07,5,0,4,NUOS,SR
2021-07-07,5,0,4,POLY,SR
2021-07-07,5,0,4,AMSP,SR
2021-07-07,6,45,1,SECA,UI
2021-07-07,6,7,1,BAGL,UI
2021-07-07,6,3,1,CHDA,UI
2021-07-07,6,8,1,LOPA,UI
2021-07-07,6,33,1,LODI,UI
2021-07-07,6,0,1,LISI,UI
2021-07-07,6,0,1,LISC,UI
2021-07-07,6,0.6,1,FUDI,UI
2021-07-07,6,1,1,MYSP,UI
2021-07-07,6,8,1,ANEL,UI
2021-07-07,6,0,1,POPL,UI
2021-07-07,6,0,1,COVA,UI
2021-07-07,6,0,1,NERE,UI
2021-07-07,6,1,1,AMPH,UI
2021-07-07,6,0,1,ISOP,UI
2021-07-07,6,0,1,ONBI,UI
2021-07-07,6,2,1,LOPE,UI
2021-07-07,6,0,1,ENMU,UI
2021-07-07,6,0,1,LOSC,UI
2021-07-07,6,9,1,HISP,UI
2021-07-07,6,0,1,ULSP,UI
2021-07-07,6,0,1,NUOS,UI
2021-07-07,6,0,1,POLY,UI
2021-07-07,6,0,1,AMSP,UI
2021-07-07,7,44,2,SECA,SI
2021-07-07,7,1,2,BAGL,SI
2021-07-07,7,0,2,CHDA,SI
2021-07-07,7,5,2,LOPA,SI
2021-07-07,7,20,2,LODI,SI
2021-07-07,7,0,2,LISI,SI
2021-07-07,7,0,2,LISC,SI
2021-07-07,7,0,2,FUDI,SI
2021-07-07,7,0,2,MYSP,SI
2021-07-07,7,8,2,ANEL,SI
2021-07-07,7,0,2,POPL,SI
2021-07-07,7,0.05,2,COVA,SI
2021-07-07,7,0,2,NERE,SI
2021-07-07,7,0,2,AMPH,SI
2021-07-07,7,0,2,ISOP,SI
2021-07-07,7,0,2,ONBI,SI
2021-07-07,7,3,2,LOPE,SI
2021-07-07,7,0,2,ENMU,SI
2021-07-07,7,0,2,LOSC,SI
2021-07-07,7,0,2,HISP,SI
2021-07-07,7,0,2,ULSP,SI
2021-07-07,7,0,2,NUOS,SI
2021-07-07,7,0,2,POLY,SI
2021-07-07,7,0,2,AMSP,SI
2021-07-07,8,0,3,SECA,UR
2021-07-07,8,151,3,BAGL,UR
2021-07-07,8,14,3,CHDA,UR
2021-07-07,8,0,3,LOPA,UR
2021-07-07,8,0,3,LODI,UR
2021-07-07,8,0,3,LISI,UR
2021-07-07,8,2,3,LISC,UR
2021-07-07,8,0,3,FUDI,UR
2021-07-07,8,0,3,MYSP,UR
2021-07-07,8,0,3,ANEL,UR
2021-07-07,8,0,3,POPL,UR
2021-07-07,8,0,3,COVA,UR
2021-07-07,8,0,3,NERE,UR
2021-07-07,8,0,3,AMPH,UR
2021-07-07,8,0,3,ISOP,UR
2021-07-07,8,0,3,ONBI,UR
2021-07-07,8,0,3,LOPE,UR
2021-07-07,8,0,3,ENMU,UR
2021-07-07,8,0,3,LOSC,UR
2021-07-07,8,0,3,HISP,UR
2021-07-07,8,0,3,ULSP,UR
2021-07-07,8,0,3,NUOS,UR
2021-07-07,8,0,3,POLY,UR
2021-07-07,8,0,3,AMSP,UR
2021-07-07,9,0,3,SECA,UR
2021-07-07,9,304,3,BAGL,UR
2021-07-07,9,30,3,CHDA,UR
2021-07-07,9,0,3,LOPA,UR
2021-07-07,9,0,3,LODI,UR
2021-07-07,9,0,3,LISI,UR
2021-07-07,9,0,3,LISC,UR
2021-07-07,9,0,3,FUDI,UR
2021-07-07,9,0,3,MYSP,UR
2021-07-07,9,0,3,ANEL,UR
2021-07-07,9,0,3,POPL,UR
2021-07-07,9,0,3,COVA,UR
2021-07-07,9,0,3,NERE,UR
2021-07-07,9,0,3,AMPH,UR
2021-07-07,9,0,3,ISOP,UR
2021-07-07,9,0,3,ONBI,UR
2021-07-07,9,0,3,LOPE,UR
2021-07-07,9,0,3,ENMU,UR
2021-07-07,9,0,3,LOSC,UR
2021-07-07,9,8,3,HISP,UR
2021-07-07,9,0,3,ULSP,UR
2021-07-07,9,0,3,NUOS,UR
2021-07-07,9,0,3,POLY,UR
2021-07-07,9,0,3,AMSP,UR
2021-07-07,10,27,4,SECA,SR
2021-07-07,10,425,4,BAGL,SR
2021-07-07,10,49,4,CHDA,SR
2021-07-07,10,7,4,LOPA,SR
2021-07-07,10,2,4,LODI,SR
2021-07-07,10,0,4,LISI,SR
2021-07-07,10,0,4,LISC,SR
2021-07-07,10,0,4,FUDI,SR
2021-07-07,10,0,4,MYSP,SR
2021-07-07,10,0,4,ANEL,SR
2021-07-07,10,0,4,POPL,SR
2021-07-07,10,0,4,COVA,SR
2021-07-07,10,0,4,NERE,SR
2021-07-07,10,0,4,AMPH,SR
2021-07-07,10,0,4,ISOP,SR
2021-07-07,10,0,4,ONBI,SR
2021-07-07,10,5,4,LOPE,SR
2021-07-07,10,0,4,ENMU,SR
2021-07-07,10,0,4,LOSC,SR
2021-07-07,10,6,4,HISP,SR
2021-07-07,10,0,4,ULSP,SR
2021-07-07,10,0,4,NUOS,SR
2021-07-07,10,0,4,POLY,SR
2021-07-07,10,0,4,AMSP,SR
2021-07-07,11,21,1,SECA,UI
2021-07-07,11,1,1,BAGL,UI
2021-07-07,11,1,1,CHDA,UI
2021-07-07,11,12,1,LOPA,UI
2021-07-07,11,12,1,LODI,UI
2021-07-07,11,0,1,LISI,UI
2021-07-07,11,2,1,LISC,UI
2021-07-07,11,0,1,FUDI,UI
2021-07-07,11,0,1,MYSP,UI
2021-07-07,11,3,1,ANEL,UI
2021-07-07,11,0,1,POPL,UI
2021-07-07,11,0,1,COVA,UI
2021-07-07,11,0,1,NERE,UI
2021-07-07,11,0,1,AMPH,UI
2021-07-07,11,0,1,ISOP,UI
2021-07-07,11,0,1,ONBI,UI
2021-07-07,11,3,1,LOPE,UI
2021-07-07,11,0,1,ENMU,UI
2021-07-07,11,0,1,LOSC,UI
2021-07-07,11,4,1,HISP,UI
2021-07-07,11,0,1,ULSP,UI
2021-07-07,11,0,1,NUOS,UI
2021-07-07,11,0,1,POLY,UI
2021-07-07,11,0,1,AMSP,UI
2021-07-07,12,60,2,SECA,SI
2021-07-07,12,21,2,BAGL,SI
2021-07-07,12,1,2,CHDA,SI
2021-07-07,12,15,2,LOPA,SI
2021-07-07,12,27,2,LODI,SI
2021-07-07,12,0,2,LISI,SI
2021-07-07,12,0,2,LISC,SI
2021-07-07,12,0,2,FUDI,SI
2021-07-07,12,3,2,MYSP,SI
2021-07-07,12,1,2,ANEL,SI
2021-07-07,12,0,2,POPL,SI
2021-07-07,12,0,2,COVA,SI
2021-07-07,12,0,2,NERE,SI
2021-07-07,12,0,2,AMPH,SI
2021-07-07,12,0,2,ISOP,SI
2021-07-07,12,0,2,ONBI,SI
2021-07-07,12,2,2,LOPE,SI
2021-07-07,12,0,2,ENMU,SI
2021-07-07,12,0,2,LOSC,SI
2021-07-07,12,5,2,HISP,SI
2021-07-07,12,0,2,ULSP,SI
2021-07-07,12,0,2,NUOS,SI
2021-07-07,12,0,2,POLY,SI
2021-07-07,12,0,2,AMSP,SI
2021-07-07,13,0,3,SECA,UR
2021-07-07,13,50,3,BAGL,UR
2021-07-07,13,3,3,CHDA,UR
2021-07-07,13,9,3,LOPA,UR
2021-07-07,13,0,3,LODI,UR
2021-07-07,13,0,3,LISI,UR
2021-07-07,13,1,3,LISC,UR
2021-07-07,13,0,3,FUDI,UR
2021-07-07,13,0,3,MYSP,UR
2021-07-07,13,28,3,ANEL,UR
2021-07-07,13,0,3,POPL,UR
2021-07-07,13,0,3,COVA,UR
2021-07-07,13,0,3,NERE,UR
2021-07-07,13,0,3,AMPH,UR
2021-07-07,13,0,3,ISOP,UR
2021-07-07,13,0,3,ONBI,UR
2021-07-07,13,11,3,LOPE,UR
2021-07-07,13,0.05,3,ENMU,UR
2021-07-07,13,0,3,LOSC,UR
2021-07-07,13,0,3,HISP,UR
2021-07-07,13,0,3,ULSP,UR
2021-07-07,13,0,3,NUOS,UR
2021-07-07,13,0,3,POLY,UR
2021-07-07,13,0,3,AMSP,UR
2021-07-07,14,28,2,SECA,SI
2021-07-07,14,9,2,BAGL,SI
2021-07-07,14,1,2,CHDA,SI
2021-07-07,14,11,2,LOPA,SI
2021-07-07,14,12,2,LODI,SI
2021-07-07,14,0,2,LISI,SI
2021-07-07,14,0,2,LISC,SI
2021-07-07,14,0,2,FUDI,SI
2021-07-07,14,0,2,MYSP,SI
2021-07-07,14,27,2,ANEL,SI
2021-07-07,14,0,2,POPL,SI
2021-07-07,14,0,2,COVA,SI
2021-07-07,14,0,2,NERE,SI
2021-07-07,14,0,2,AMPH,SI
2021-07-07,14,0,2,ISOP,SI
2021-07-07,14,0,2,ONBI,SI
2021-07-07,14,2,2,LOPE,SI
2021-07-07,14,0,2,ENMU,SI
2021-07-07,14,0,2,LOSC,SI
2021-07-07,14,2,2,HISP,SI
2021-07-07,14,0,2,ULSP,SI
2021-07-07,14,0,2,NUOS,SI
2021-07-07,14,0,2,POLY,SI
2021-07-07,14,0,2,AMSP,SI
2021-07-07,15,0,4,SECA,SR
2021-07-07,15,155,4,BAGL,SR
2021-07-07,15,20,4,CHDA,SR
2021-07-07,15,1,4,LOPA,SR
2021-07-07,15,0,4,LODI,SR
2021-07-07,15,0,4,LISI,SR
2021-07-07,15,2,4,LISC,SR
2021-07-07,15,0.05,4,FUDI,SR
2021-07-07,15,0,4,MYSP,SR
2021-07-07,15,0,4,ANEL,SR
2021-07-07,15,0,4,POPL,SR
2021-07-07,15,1,4,COVA,SR
2021-07-07,15,0,4,NERE,SR
2021-07-07,15,0,4,AMPH,SR
2021-07-07,15,0,4,ISOP,SR
2021-07-07,15,0,4,ONBI,SR
2021-07-07,15,1,4,LOPE,SR
2021-07-07,15,0,4,ENMU,SR
2021-07-07,15,0,4,LOSC,SR
2021-07-07,15,80,4,HISP,SR
2021-07-07,15,0,4,ULSP,SR
2021-07-07,15,0,4,NUOS,SR
2021-07-07,15,0,4,POLY,SR
2021-07-07,15,0,4,AMSP,SR
2021-07-07,16,13,1,SECA,UI
2021-07-07,16,0,1,BAGL,UI
2021-07-07,16,0,1,CHDA,UI
2021-07-07,16,7,1,LOPA,UI
2021-07-07,16,18,1,LODI,UI
2021-07-07,16,1,1,LISI,UI
2021-07-07,16,0,1,LISC,UI
2021-07-07,16,0,1,FUDI,UI
2021-07-07,16,0,1,MYSP,UI
2021-07-07,16,4,1,ANEL,UI
2021-07-07,16,0,1,POPL,UI
2021-07-07,16,0,1,COVA,UI
2021-07-07,16,0,1,NERE,UI
2021-07-07,16,0,1,AMPH,UI
2021-07-07,16,0,1,ISOP,UI
2021-07-07,16,0,1,ONBI,UI
2021-07-07,16,0,1,LOPE,UI
2021-07-07,16,0,1,ENMU,UI
2021-07-07,16,0,1,LOSC,UI
2021-07-07,16,3,1,HISP,UI
2021-07-07,16,0,1,ULSP,UI
2021-07-07,16,0,1,NUOS,UI
2021-07-07,16,0,1,POLY,UI
2021-07-07,16,0,1,AMSP,UI
2021-07-08,17,0,3,SECA,UR
2021-07-08,17,325,3,BAGL,UR
2021-07-08,17,34,3,CHDA,UR
2021-07-08,17,3,3,LOPA,UR
2021-07-08,17,2,3,LODI,UR
2021-07-08,17,0,3,LISI,UR
2021-07-08,17,5,3,LISC,UR
2021-07-08,17,1.2,3,FUDI,UR
2021-07-08,17,0,3,MYSP,UR
2021-07-08,17,0,3,ANEL,UR
2021-07-08,17,0,3,POPL,UR
2021-07-08,17,0,3,COVA,UR
2021-07-08,17,0,3,NERE,UR
2021-07-08,17,0,3,AMPH,UR
2021-07-08,17,0,3,ISOP,UR
2021-07-08,17,0,3,ONBI,UR
2021-07-08,17,0,3,LOPE,UR
2021-07-08,17,0,3,ENMU,UR
2021-07-08,17,1,3,LOSC,UR
2021-07-08,17,6,3,HISP,UR
2021-07-08,17,0,3,ULSP,UR
2021-07-08,17,0,3,NUOS,UR
2021-07-08,17,0,3,POLY,UR
2021-07-08,17,0,3,AMSP,UR
2021-07-08,18,58,4,SECA,SR
2021-07-08,18,556,4,BAGL,SR
2021-07-08,18,10,4,CHDA,SR
2021-07-08,18,4,4,LOPA,SR
2021-07-08,18,11,4,LODI,SR
2021-07-08,18,0,4,LISI,SR
2021-07-08,18,4,4,LISC,SR
2021-07-08,18,0,4,FUDI,SR
2021-07-08,18,0,4,MYSP,SR
2021-07-08,18,0,4,ANEL,SR
2021-07-08,18,7,4,POPL,SR
2021-07-08,18,0,4,COVA,SR
2021-07-08,18,0,4,NERE,SR
2021-07-08,18,0,4,AMPH,SR
2021-07-08,18,0,4,ISOP,SR
2021-07-08,18,3,4,ONBI,SR
2021-07-08,18,3,4,LOPE,SR
2021-07-08,18,0,4,ENMU,SR
2021-07-08,18,0,4,LOSC,SR
2021-07-08,18,1.6,4,HISP,SR
2021-07-08,18,0,4,ULSP,SR
2021-07-08,18,0,4,NUOS,SR
2021-07-08,18,0,4,POLY,SR
2021-07-08,18,0,4,AMSP,SR
2021-07-08,19,79,2,SECA,SI
2021-07-08,19,98,2,BAGL,SI
2021-07-08,19,0,2,CHDA,SI
2021-07-08,19,6,2,LOPA,SI
2021-07-08,19,0,2,LODI,SI
2021-07-08,19,0,2,LISI,SI
2021-07-08,19,0,2,LISC,SI
2021-07-08,19,0,2,FUDI,SI
2021-07-08,19,0,2,MYSP,SI
2021-07-08,19,0,2,ANEL,SI
2021-07-08,19,0,2,POPL,SI
2021-07-08,19,0,2,COVA,SI
2021-07-08,19,0,2,NERE,SI
2021-07-08,19,0,2,AMPH,SI
2021-07-08,19,0,2,ISOP,SI
2021-07-08,19,3,2,ONBI,SI
2021-07-08,19,3,2,LOPE,SI
2021-07-08,19,0,2,ENMU,SI
2021-07-08,19,0,2,LOSC,SI
2021-07-08,19,3,2,HISP,SI
2021-07-08,19,0,2,ULSP,SI
2021-07-08,19,1,2,NUOS,SI
2021-07-08,19,0,2,POLY,SI
2021-07-08,19,0,2,AMSP,SI
2021-07-08,20,12,1,SECA,UI
2021-07-08,20,16,1,BAGL,UI
2021-07-08,20,1,1,CHDA,UI
2021-07-08,20,7,1,LOPA,UI
2021-07-08,20,15,1,LODI,UI
2021-07-08,20,0,1,LISI,UI
2021-07-08,20,8,1,LISC,UI
2021-07-08,20,1,1,FUDI,UI
2021-07-08,20,0,1,MYSP,UI
2021-07-08,20,0,1,ANEL,UI
2021-07-08,20,0,1,POPL,UI
2021-07-08,20,0,1,COVA,UI
2021-07-08,20,0,1,NERE,UI
2021-07-08,20,2,1,AMPH,UI
2021-07-08,20,0,1,ISOP,UI
2021-07-08,20,0,1,ONBI,UI
2021-07-08,20,0,1,LOPE,UI
2021-07-08,20,0,1,ENMU,UI
2021-07-08,20,0,1,LOSC,UI
2021-07-08,20,5.4,1,HISP,UI
2021-07-08,20,0,1,ULSP,UI
2021-07-08,20,0,1,NUOS,UI
2021-07-08,20,0,1,POLY,UI
2021-07-08,20,0,1,AMSP,UI
2021-07-08,21,1,1,SECA,UI
2021-07-08,21,6,1,BAGL,UI
2021-07-08,21,2,1,CHDA,UI
2021-07-08,21,0,1,LOPA,UI
2021-07-08,21,4,1,LODI,UI
2021-07-08,21,0,1,LISI,UI
2021-07-08,21,13,1,LISC,UI
2021-07-08,21,0.05,1,FUDI,UI
2021-07-08,21,2,1,MYSP,UI
2021-07-08,21,0,1,ANEL,UI
2021-07-08,21,0,1,POPL,UI
2021-07-08,21,0,1,COVA,UI
2021-07-08,21,0,1,NERE,UI
2021-07-08,21,1,1,AMPH,UI
2021-07-08,21,0,1,ISOP,UI
2021-07-08,21,1,1,ONBI,UI
2021-07-08,21,1,1,LOPE,UI
2021-07-08,21,0,1,ENMU,UI
2021-07-08,21,0,1,LOSC,UI
2021-07-08,21,9,1,HISP,UI
2021-07-08,21,0,1,ULSP,UI
2021-07-08,21,0,1,NUOS,UI
2021-07-08,21,0,1,POLY,UI
2021-07-08,21,0,1,AMSP,UI
2021-07-08,22,24,4,SECA,SR
2021-07-08,22,178,4,BAGL,SR
2021-07-08,22,22,4,CHDA,SR
2021-07-08,22,7,4,LOPA,SR
2021-07-08,22,2,4,LODI,SR
2021-07-08,22,0,4,LISI,SR
2021-07-08,22,1,4,LISC,SR
2021-07-08,22,0,4,FUDI,SR
2021-07-08,22,2,4,MYSP,SR
2021-07-08,22,0,4,ANEL,SR
2021-07-08,22,0,4,POPL,SR
2021-07-08,22,0,4,COVA,SR
2021-07-08,22,0,4,NERE,SR
2021-07-08,22,0,4,AMPH,SR
2021-07-08,22,0,4,ISOP,SR
2021-07-08,22,1,4,ONBI,SR
2021-07-08,22,1,4,LOPE,SR
2021-07-08,22,0,4,ENMU,SR
2021-07-08,22,0,4,LOSC,SR
2021-07-08,22,30,4,HISP,SR
2021-07-08,22,0,4,ULSP,SR
2021-07-08,22,0,4,NUOS,SR
2021-07-08,22,0,4,POLY,SR
2021-07-08,22,0,4,AMSP,SR
2021-07-08,23,32,2,SECA,SI
2021-07-08,23,33,2,BAGL,SI
2021-07-08,23,7,2,CHDA,SI
2021-07-08,23,16,2,LOPA,SI
2021-07-08,23,15,2,LODI,SI
2021-07-08,23,0,2,LISI,SI
2021-07-08,23,0,2,LISC,SI
2021-07-08,23,0,2,FUDI,SI
2021-07-08,23,2,2,MYSP,SI
2021-07-08,23,0,2,ANEL,SI
2021-07-08,23,0,2,POPL,SI
2021-07-08,23,0,2,COVA,SI
2021-07-08,23,0,2,NERE,SI
2021-07-08,23,0,2,AMPH,SI
2021-07-08,23,0,2,ISOP,SI
2021-07-08,23,0,2,ONBI,SI
2021-07-08,23,0,2,LOPE,SI
2021-07-08,23,0,2,ENMU,SI
2021-07-08,23,0,2,LOSC,SI
2021-07-08,23,21,2,HISP,SI
2021-07-08,23,0,2,ULSP,SI
2021-07-08,23,1,2,NUOS,SI
2021-07-08,23,0,2,POLY,SI
2021-07-08,23,1,2,AMSP,SI
2021-07-08,24,0,3,SECA,UR
2021-07-08,24,31,3,BAGL,UR
2021-07-08,24,7,3,CHDA,UR
2021-07-08,24,0,3,LOPA,UR
2021-07-08,24,0,3,LODI,UR
2021-07-08,24,0,3,LISI,UR
2021-07-08,24,2,3,LISC,UR
2021-07-08,24,0,3,FUDI,UR
2021-07-08,24,0,3,MYSP,UR
2021-07-08,24,0,3,ANEL,UR
2021-07-08,24,0,3,POPL,UR
2021-07-08,24,0,3,COVA,UR
2021-07-08,24,0,3,NERE,UR
2021-07-08,24,0,3,AMPH,UR
2021-07-08,24,0,3,ISOP,UR
2021-07-08,24,0,3,ONBI,UR
2021-07-08,24,0,3,LOPE,UR
2021-07-08,24,0,3,ENMU,UR
2021-07-08,24,0,3,LOSC,UR
2021-07-08,24,11,3,HISP,UR
2021-07-08,24,20,3,ULSP,UR
2021-07-08,24,0,3,NUOS,UR
2021-07-08,24,0,3,POLY,UR
2021-07-08,24,0,3,AMSP,UR
2021-07-08,25,0,3,SECA,UR
2021-07-08,25,3,3,BAGL,UR
2021-07-08,25,2,3,CHDA,UR
2021-07-08,25,0,3,LOPA,UR
2021-07-08,25,0,3,LODI,UR
2021-07-08,25,0,3,LISI,UR
2021-07-08,25,0,3,LISC,UR
2021-07-08,25,0,3,FUDI,UR
2021-07-08,25,0,3,MYSP,UR
2021-07-08,25,0,3,ANEL,UR
2021-07-08,25,0,3,POPL,UR
2021-07-08,25,0,3,COVA,UR
2021-07-08,25,0,3,NERE,UR
2021-07-08,25,0,3,AMPH,UR
2021-07-08,25,0,3,ISOP,UR
2021-07-08,25,0,3,ONBI,UR
2021-07-08,25,0,3,LOPE,UR
2021-07-08,25,0,3,ENMU,UR
2021-07-08,25,0,3,LOSC,UR
2021-07-08,25,0,3,HISP,UR
2021-07-08,25,32,3,ULSP,UR
2021-07-08,25,0,3,NUOS,UR
2021-07-08,25,0,3,POLY,UR
2021-07-08,25,0,3,AMSP,UR
2021-07-08,26,2,4,SECA,SR
2021-07-08,26,206,4,BAGL,SR
2021-07-08,26,10,4,CHDA,SR
2021-07-08,26,7,4,LOPA,SR
2021-07-08,26,1,4,LODI,SR
2021-07-08,26,0,4,LISI,SR
2021-07-08,26,0,4,LISC,SR
2021-07-08,26,1.4,4,FUDI,SR
2021-07-08,26,0,4,MYSP,SR
2021-07-08,26,6,4,ANEL,SR
2021-07-08,26,0,4,POPL,SR
2021-07-08,26,0,4,COVA,SR
2021-07-08,26,0,4,NERE,SR
2021-07-08,26,0,4,AMPH,SR
2021-07-08,26,0,4,ISOP,SR
2021-07-08,26,0,4,ONBI,SR
2021-07-08,26,2,4,LOPE,SR
2021-07-08,26,0,4,ENMU,SR
2021-07-08,26,1,4,LOSC,SR
2021-07-08,26,0,4,HISP,SR
2021-07-08,26,0,4,ULSP,SR
2021-07-08,26,0,4,NUOS,SR
2021-07-08,26,1,4,POLY,SR
2021-07-08,26,0,4,AMSP,SR
2021-07-08,27,4,1,SECA,UI
2021-07-08,27,22,1,BAGL,UI
2021-07-08,27,3,1,CHDA,UI
2021-07-08,27,6,1,LOPA,UI
2021-07-08,27,2,1,LODI,UI
2021-07-08,27,0,1,LISI,UI
2021-07-08,27,10,1,LISC,UI
2021-07-08,27,1,1,FUDI,UI
2021-07-08,27,0,1,MYSP,UI
2021-07-08,27,1,1,ANEL,UI
2021-07-08,27,0,1,POPL,UI
2021-07-08,27,0,1,COVA,UI
2021-07-08,27,0,1,NERE,UI
2021-07-08,27,0,1,AMPH,UI
2021-07-08,27,0,1,ISOP,UI
2021-07-08,27,0,1,ONBI,UI
2021-07-08,27,0,1,LOPE,UI
2021-07-08,27,0,1,ENMU,UI
2021-07-08,27,0,1,LOSC,UI
2021-07-08,27,0,1,HISP,UI
2021-07-08,27,0,1,ULSP,UI
2021-07-08,27,0,1,NUOS,UI
2021-07-08,27,0,1,POLY,UI
2021-07-08,27,0,1,AMSP,UI
2021-07-08,28,45,2,SECA,SI
2021-07-08,28,1,2,BAGL,SI
2021-07-08,28,1,2,CHDA,SI
2021-07-08,28,11,2,LOPA,SI
2021-07-08,28,0,2,LODI,SI
2021-07-08,28,0,2,LISI,SI
2021-07-08,28,1,2,LISC,SI
2021-07-08,28,8,2,FUDI,SI
2021-07-08,28,0,2,MYSP,SI
2021-07-08,28,6,2,ANEL,SI
2021-07-08,28,0,2,POPL,SI
2021-07-08,28,0,2,COVA,SI
2021-07-08,28,0,2,NERE,SI
2021-07-08,28,0,2,AMPH,SI
2021-07-08,28,0,2,ISOP,SI
2021-07-08,28,0,2,ONBI,SI
2021-07-08,28,4,2,LOPE,SI
2021-07-08,28,1.2,2,ENMU,SI
2021-07-08,28,0,2,LOSC,SI
2021-07-08,28,2,2,HISP,SI
2021-07-08,28,0,2,ULSP,SI
2021-07-08,28,0,2,NUOS,SI
2021-07-08,28,0,2,POLY,SI
2021-07-08,28,0,2,AMSP,SI
2021-07-07,29,2,4,SECA,SR
2021-07-07,29,12,4,BAGL,SR
2021-07-07,29,2,4,CHDA,SR
2021-07-07,29,4,4,LOPA,SR
2021-07-07,29,0,4,LODI,SR
2021-07-07,29,0,4,LISI,SR
2021-07-07,29,0,4,LISC,SR
2021-07-07,29,2.4,4,FUDI,SR
2021-07-07,29,0,4,MYSP,SR
2021-07-07,29,15,4,ANEL,SR
2021-07-07,29,0,4,POPL,SR
2021-07-07,29,0,4,COVA,SR
2021-07-07,29,0,4,NERE,SR
2021-07-07,29,0,4,AMPH,SR
2021-07-07,29,0,4,ISOP,SR
2021-07-07,29,0,4,ONBI,SR
2021-07-07,29,3,4,LOPE,SR
2021-07-07,29,0,4,ENMU,SR
2021-07-07,29,0,4,LOSC,SR
2021-07-07,29,0,4,HISP,SR
2021-07-07,29,0,4,ULSP,SR
2021-07-07,29,0,4,NUOS,SR
2021-07-07,29,0,4,POLY,SR
2021-07-07,29,0,4,AMSP,SR
2021-07-07,30,52,2,SECA,SI
2021-07-07,30,0,2,BAGL,SI
2021-07-07,30,0,2,CHDA,SI
2021-07-07,30,0,2,LOPA,SI
2021-07-07,30,21,2,LODI,SI
2021-07-07,30,0,2,LISI,SI
2021-07-07,30,3,2,LISC,SI
2021-07-07,30,0,2,FUDI,SI
2021-07-07,30,0,2,MYSP,SI
2021-07-07,30,2,2,ANEL,SI
2021-07-07,30,1,2,POPL,SI
2021-07-07,30,0,2,COVA,SI
2021-07-07,30,0,2,NERE,SI
2021-07-07,30,0,2,AMPH,SI
2021-07-07,30,0,2,ISOP,SI
2021-07-07,30,0,2,ONBI,SI
2021-07-07,30,5,2,LOPE,SI
2021-07-07,30,2,2,ENMU,SI
2021-07-07,30,0,2,LOSC,SI
2021-07-07,30,2,2,HISP,SI
2021-07-07,30,0,2,ULSP,SI
2021-07-07,30,0,2,NUOS,SI
2021-07-07,30,0,2,POLY,SI
2021-07-07,30,0,2,AMSP,SI
2021-07-07,31,0,1,SECA,UI
2021-07-07,31,1,1,BAGL,UI
2021-07-07,31,0,1,CHDA,UI
2021-07-07,31,2,1,LOPA,UI
2021-07-07,31,4,1,LODI,UI
2021-07-07,31,0,1,LISI,UI
2021-07-07,31,12,1,LISC,UI
2021-07-07,31,0.4,1,FUDI,UI
2021-07-07,31,0,1,MYSP,UI
2021-07-07,31,0,1,ANEL,UI
2021-07-07,31,0,1,POPL,UI
2021-07-07,31,0,1,COVA,UI
2021-07-07,31,0,1,NERE,UI
2021-07-07,31,1,1,AMPH,UI
2021-07-07,31,0,1,ISOP,UI
2021-07-07,31,0,1,ONBI,UI
2021-07-07,31,0,1,LOPE,UI
2021-07-07,31,0,1,ENMU,UI
2021-07-07,31,0,1,LOSC,UI
2021-07-07,31,1,1,HISP,UI
2021-07-07,31,0,1,ULSP,UI
2021-07-07,31,0,1,NUOS,UI
2021-07-07,31,0,1,POLY,UI
2021-07-07,31,0,1,AMSP,UI
2021-07-07,32,1,3,SECA,UR
2021-07-07,32,18,3,BAGL,UR
2021-07-07,32,0,3,CHDA,UR
2021-07-07,32,6,3,LOPA,UR
2021-07-07,32,1,3,LODI,UR
2021-07-07,32,0,3,LISI,UR
2021-07-07,32,2,3,LISC,UR
2021-07-07,32,0,3,FUDI,UR
2021-07-07,32,0,3,MYSP,UR
2021-07-07,32,0,3,ANEL,UR
2021-07-07,32,0,3,POPL,UR
2021-07-07,32,0,3,COVA,UR
2021-07-07,32,0,3,NERE,UR
2021-07-07,32,0,3,AMPH,UR
2021-07-07,32,0,3,ISOP,UR
2021-07-07,32,0,3,ONBI,UR
2021-07-07,32,0,3,LOPE,UR
2021-07-07,32,0,3,ENMU,UR
2021-07-07,32,0,3,LOSC,UR
2021-07-07,32,0,3,HISP,UR
2021-07-07,32,0,3,ULSP,UR
2021-07-07,32,0,3,NUOS,UR
2021-07-07,32,0,3,POLY,UR
2021-07-07,32,0,3,AMSP,UR
2021-07-08,33,0,1,SECA,UI
2021-07-08,33,0,1,BAGL,UI
2021-07-08,33,16,1,CHDA,UI
2021-07-08,33,1,1,LOPA,UI
2021-07-08,33,0,1,LODI,UI
2021-07-08,33,0,1,LISI,UI
2021-07-08,33,13,1,LISC,UI
2021-07-08,33,0,1,FUDI,UI
2021-07-08,33,0,1,MYSP,UI
2021-07-08,33,0,1,ANEL,UI
2021-07-08,33,0,1,POPL,UI
2021-07-08,33,0,1,COVA,UI
2021-07-08,33,0,1,NERE,UI
2021-07-08,33,0,1,AMPH,UI
2021-07-08,33,0,1,ISOP,UI
2021-07-08,33,0,1,ONBI,UI
2021-07-08,33,0,1,LOPE,UI
2021-07-08,33,0,1,ENMU,UI
2021-07-08,33,0,1,LOSC,UI
2021-07-08,33,0.8,1,HISP,UI
2021-07-08,33,0,1,ULSP,UI
2021-07-08,33,0,1,NUOS,UI
2021-07-08,33,0,1,POLY,UI
2021-07-08,33,0,1,AMSP,UI
2021-07-08,34,7,3,SECA,UR
2021-07-08,34,7,3,BAGL,UR
2021-07-08,34,0,3,CHDA,UR
2021-07-08,34,0,3,LOPA,UR
2021-07-08,34,0,3,LODI,UR
2021-07-08,34,0,3,LISI,UR
2021-07-08,34,0,3,LISC,UR
2021-07-08,34,0.6,3,FUDI,UR
2021-07-08,34,0,3,MYSP,UR
2021-07-08,34,0,3,ANEL,UR
2021-07-08,34,0,3,POPL,UR
2021-07-08,34,0,3,COVA,UR
2021-07-08,34,0,3,NERE,UR
2021-07-08,34,0,3,AMPH,UR
2021-07-08,34,0,3,ISOP,UR
2021-07-08,34,0,3,ONBI,UR
2021-07-08,34,0,3,LOPE,UR
2021-07-08,34,0,3,ENMU,UR
2021-07-08,34,0,3,LOSC,UR
2021-07-08,34,2,3,HISP,UR
2021-07-08,34,0,3,ULSP,UR
2021-07-08,34,0,3,NUOS,UR
2021-07-08,34,0,3,POLY,UR
2021-07-08,34,0,3,AMSP,UR
2021-07-08,35,0,2,SECA,SI
2021-07-08,35,0,2,BAGL,SI
2021-07-08,35,0,2,CHDA,SI
2021-07-08,35,3,2,LOPA,SI
2021-07-08,35,1,2,LODI,SI
2021-07-08,35,0,2,LISI,SI
2021-07-08,35,24,2,LISC,SI
2021-07-08,35,0,2,FUDI,SI
2021-07-08,35,0,2,MYSP,SI
2021-07-08,35,4,2,ANEL,SI
2021-07-08,35,0,2,POPL,SI
2021-07-08,35,0,2,COVA,SI
2021-07-08,35,0,2,NERE,SI
2021-07-08,35,0,2,AMPH,SI
2021-07-08,35,0,2,ISOP,SI
2021-07-08,35,0,2,ONBI,SI
2021-07-08,35,0,2,LOPE,SI
2021-07-08,35,0,2,ENMU,SI
2021-07-08,35,0,2,LOSC,SI
2021-07-08,35,3.2,2,HISP,SI
2021-07-08,35,0,2,ULSP,SI
2021-07-08,35,0,2,NUOS,SI
2021-07-08,35,0,2,POLY,SI
2021-07-08,35,0,2,AMSP,SI
2021-07-08,36,2,4,SECA,SR
2021-07-08,36,7,4,BAGL,SR
2021-07-08,36,2,4,CHDA,SR
2021-07-08,36,15,4,LOPA,SR
2021-07-08,36,1,4,LODI,SR
2021-07-08,36,0,4,LISI,SR
2021-07-08,36,0,4,LISC,SR
2021-07-08,36,0.2,4,FUDI,SR
2021-07-08,36,0,4,MYSP,SR
2021-07-08,36,15,4,ANEL,SR
2021-07-08,36,0,4,POPL,SR
2021-07-08,36,0,4,COVA,SR
2021-07-08,36,0,4,NERE,SR
2021-07-08,36,0,4,AMPH,SR
2021-07-08,36,0,4,ISOP,SR
2021-07-08,36,0,4,ONBI,SR
2021-07-08,36,2,4,LOPE,SR
2021-07-08,36,0,4,ENMU,SR
2021-07-08,36,0,4,LOSC,SR
2021-07-08,36,4.4,4,HISP,SR
2021-07-08,36,0,4,ULSP,SR
2021-07-08,36,0,4,NUOS,SR
2021-07-08,36,0,4,POLY,SR
2021-07-08,36,0,4,AMSP,SR
2021-07-08,37,0,4,SECA,SR
2021-07-08,37,181,4,BAGL,SR
2021-07-08,37,15,4,CHDA,SR
2021-07-08,37,11,4,LOPA,SR
2021-07-08,37,0,4,LODI,SR
2021-07-08,37,0,4,LISI,SR
2021-07-08,37,0,4,LISC,SR
2021-07-08,37,0,4,FUDI,SR
2021-07-08,37,0,4,MYSP,SR
2021-07-08,37,6,4,ANEL,SR
2021-07-08,37,0,4,POPL,SR
2021-07-08,37,0,4,COVA,SR
2021-07-08,37,0,4,NERE,SR
2021-07-08,37,0,4,AMPH,SR
2021-07-08,37,0,4,ISOP,SR
2021-07-08,37,0,4,ONBI,SR
2021-07-08,37,0,4,LOPE,SR
2021-07-08,37,0,4,ENMU,SR
2021-07-08,37,0,4,LOSC,SR
2021-07-08,37,0.8,4,HISP,SR
2021-07-08,37,0,4,ULSP,SR
2021-07-08,37,0,4,NUOS,SR
2021-07-08,37,0,4,POLY,SR
2021-07-08,37,0,4,AMSP,SR
2021-07-08,38,0,3,SECA,UR
2021-07-08,38,7,3,BAGL,UR
2021-07-08,38,0,3,CHDA,UR
2021-07-08,38,1,3,LOPA,UR
2021-07-08,38,0,3,LODI,UR
2021-07-08,38,0,3,LISI,UR
2021-07-08,38,0,3,LISC,UR
2021-07-08,38,0,3,FUDI,UR
2021-07-08,38,0,3,MYSP,UR
2021-07-08,38,0,3,ANEL,UR
2021-07-08,38,0,3,POPL,UR
2021-07-08,38,0,3,COVA,UR
2021-07-08,38,0,3,NERE,UR
2021-07-08,38,0,3,AMPH,UR
2021-07-08,38,0,3,ISOP,UR
2021-07-08,38,0,3,ONBI,UR
2021-07-08,38,0,3,LOPE,UR
2021-07-08,38,0,3,ENMU,UR
2021-07-08,38,0,3,LOSC,UR
2021-07-08,38,0.8,3,HISP,UR
2021-07-08,38,0,3,ULSP,UR
2021-07-08,38,0,3,NUOS,UR
2021-07-08,38,0,3,POLY,UR
2021-07-08,38,0,3,AMSP,UR
2021-07-08,39,16,1,SECA,UI
2021-07-08,39,7,1,BAGL,UI
2021-07-08,39,12,1,CHDA,UI
2021-07-08,39,0,1,LOPA,UI
2021-07-08,39,3,1,LODI,UI
2021-07-08,39,2,1,LISI,UI
2021-07-08,39,8,1,LISC,UI
2021-07-08,39,5.6,1,FUDI,UI
2021-07-08,39,0,1,MYSP,UI
2021-07-08,39,0,1,ANEL,UI
2021-07-08,39,0,1,POPL,UI
2021-07-08,39,0,1,COVA,UI
2021-07-08,39,0,1,NERE,UI
2021-07-08,39,0,1,AMPH,UI
2021-07-08,39,0,1,ISOP,UI
2021-07-08,39,0,1,ONBI,UI
2021-07-08,39,0,1,LOPE,UI
2021-07-08,39,13,1,ENMU,UI
2021-07-08,39,0,1,LOSC,UI
2021-07-08,39,3,1,HISP,UI
2021-07-08,39,0,1,ULSP,UI
2021-07-08,39,0,1,NUOS,UI
2021-07-08,39,0,1,POLY,UI
2021-07-08,39,0,1,AMSP,UI
2021-07-08,40,12,2,SECA,SI
2021-07-08,40,0,2,BAGL,SI
2021-07-08,40,0,2,CHDA,SI
2021-07-08,40,14,2,LOPA,SI
2021-07-08,40,1,2,LODI,SI
2021-07-08,40,1,2,LISI,SI
2021-07-08,40,17,2,LISC,SI
2021-07-08,40,0.4,2,FUDI,SI
2021-07-08,40,0,2,MYSP,SI
2021-07-08,40,0,2,ANEL,SI
2021-07-08,40,0,2,POPL,SI
2021-07-08,40,0,2,COVA,SI
2021-07-08,40,0,2,NERE,SI
2021-07-08,40,0,2,AMPH,SI
2021-07-08,40,0,2,ISOP,SI
2021-07-08,40,0,2,ONBI,SI
2021-07-08,40,0,2,LOPE,SI
2021-07-08,40,0,2,ENMU,SI
2021-07-08,40,0,2,LOSC,SI
2021-07-08,40,0.4,2,HISP,SI
2021-07-08,40,0,2,ULSP,SI
2021-07-08,40,0,2,NUOS,SI
2021-07-08,40,0,2,POLY,SI
2021-07-08,40,0,2,AMSP,SI
2021-07-08,41,42,1,SECA,UI
2021-07-08,41,0,1,BAGL,UI
2021-07-08,41,1,1,CHDA,UI
2021-07-08,41,18,1,LOPA,UI
2021-07-08,41,12,1,LODI,UI
2021-07-08,41,0,1,LISI,UI
2021-07-08,41,11,1,LISC,UI
2021-07-08,41,0,1,FUDI,UI
2021-07-08,41,0,1,MYSP,UI
2021-07-08,41,11,1,ANEL,UI
2021-07-08,41,0,1,POPL,UI
2021-07-08,41,0,1,COVA,UI
2021-07-08,41,0,1,NERE,UI
2021-07-08,41,0,1,AMPH,UI
2021-07-08,41,0,1,ISOP,UI
2021-07-08,41,0,1,ONBI,UI
2021-07-08,41,0,1,LOPE,UI
2021-07-08,41,0,1,ENMU,UI
2021-07-08,41,0,1,LOSC,UI
2021-07-08,41,0.2,1,HISP,UI
2021-07-08,41,0,1,ULSP,UI
2021-07-08,41,0,1,NUOS,UI
2021-07-08,41,0,1,POLY,UI
2021-07-08,41,0,1,AMSP,UI
2021-07-08,42,0,2,SECA,SI
2021-07-08,42,21,2,BAGL,SI
2021-07-08,42,2,2,CHDA,SI
2021-07-08,42,7,2,LOPA,SI
2021-07-08,42,6,2,LODI,SI
2021-07-08,42,0,2,LISI,SI
2021-07-08,42,0,2,LISC,SI
2021-07-08,42,0,2,FUDI,SI
2021-07-08,42,0,2,MYSP,SI
2021-07-08,42,9,2,ANEL,SI
2021-07-08,42,0,2,POPL,SI
2021-07-08,42,0,2,COVA,SI
2021-07-08,42,0,2,NERE,SI
2021-07-08,42,0,2,AMPH,SI
2021-07-08,42,0,2,ISOP,SI
2021-07-08,42,0,2,ONBI,SI
2021-07-08,42,6,2,LOPE,SI
2021-07-08,42,0,2,ENMU,SI
2021-07-08,42,0,2,LOSC,SI
2021-07-08,42,2,2,HISP,SI
2021-07-08,42,0,2,ULSP,SI
2021-07-08,42,1,2,NUOS,SI
2021-07-08,42,0,2,POLY,SI
2021-07-08,42,0,2,AMSP,SI
2021-07-08,43,0,4,SECA,SR
2021-07-08,43,90,4,BAGL,SR
2021-07-08,43,15,4,CHDA,SR
2021-07-08,43,25,4,LOPA,SR
2021-07-08,43,0,4,LODI,SR
2021-07-08,43,0,4,LISI,SR
2021-07-08,43,0,4,LISC,SR
2021-07-08,43,0,4,FUDI,SR
2021-07-08,43,0,4,MYSP,SR
2021-07-08,43,0,4,ANEL,SR
2021-07-08,43,0,4,POPL,SR
2021-07-08,43,0,4,COVA,SR
2021-07-08,43,0,4,NERE,SR
2021-07-08,43,0,4,AMPH,SR
2021-07-08,43,0,4,ISOP,SR
2021-07-08,43,0,4,ONBI,SR
2021-07-08,43,1,4,LOPE,SR
2021-07-08,43,0,4,ENMU,SR
2021-07-08,43,0,4,LOSC,SR
2021-07-08,43,9,4,HISP,SR
2021-07-08,43,0,4,ULSP,SR
2021-07-08,43,0,4,NUOS,SR
2021-07-08,43,0,4,POLY,SR
2021-07-08,43,0,4,AMSP,SR
2021-07-08,44,3,3,SECA,UR
2021-07-08,44,10,3,BAGL,UR
2021-07-08,44,25,3,CHDA,UR
2021-07-08,44,5,3,LOPA,UR
2021-07-08,44,1,3,LODI,UR
2021-07-08,44,0,3,LISI,UR
2021-07-08,44,0,3,LISC,UR
2021-07-08,44,1.4,3,FUDI,UR
2021-07-08,44,0,3,MYSP,UR
2021-07-08,44,0,3,ANEL,UR
2021-07-08,44,0,3,POPL,UR
2021-07-08,44,0,3,COVA,UR
2021-07-08,44,0,3,NERE,UR
2021-07-08,44,0,3,AMPH,UR
2021-07-08,44,0,3,ISOP,UR
2021-07-08,44,0,3,ONBI,UR
2021-07-08,44,3,3,LOPE,UR
2021-07-08,44,0,3,ENMU,UR
2021-07-08,44,0,3,LOSC,UR
2021-07-08,44,0,3,HISP,UR
2021-07-08,44,0,3,ULSP,UR
2021-07-08,44,0,3,NUOS,UR
2021-07-08,44,0,3,POLY,UR
2021-07-08,44,0,3,AMSP,UR
2021-07-08,45,2,1,SECA,UI
2021-07-08,45,9,1,BAGL,UI
2021-07-08,45,1,1,CHDA,UI
2021-07-08,45,7,1,LOPA,UI
2021-07-08,45,1,1,LODI,UI
2021-07-08,45,0,1,LISI,UI
2021-07-08,45,0,1,LISC,UI
2021-07-08,45,0,1,FUDI,UI
2021-07-08,45,1,1,MYSP,UI
2021-07-08,45,8,1,ANEL,UI
2021-07-08,45,0,1,POPL,UI
2021-07-08,45,0,1,COVA,UI
2021-07-08,45,0,1,NERE,UI
2021-07-08,45,0,1,AMPH,UI
2021-07-08,45,0,1,ISOP,UI
2021-07-08,45,0,1,ONBI,UI
2021-07-08,45,3,1,LOPE,UI
2021-07-08,45,0,1,ENMU,UI
2021-07-08,45,0,1,LOSC,UI
2021-07-08,45,2,1,HISP,UI
2021-07-08,45,0,1,ULSP,UI
2021-07-08,45,0,1,NUOS,UI
2021-07-08,45,0,1,POLY,UI
2021-07-08,45,0,1,AMSP,UI
2021-07-08,46,37,4,SECA,SR
2021-07-08,46,75,4,BAGL,SR
2021-07-08,46,5,4,CHDA,SR
2021-07-08,46,12,4,LOPA,SR
2021-07-08,46,2,4,LODI,SR
2021-07-08,46,0,4,LISI,SR
2021-07-08,46,2,4,LISC,SR
2021-07-08,46,0,4,FUDI,SR
2021-07-08,46,0,4,MYSP,SR
2021-07-08,46,0,4,ANEL,SR
2021-07-08,46,0,4,POPL,SR
2021-07-08,46,0,4,COVA,SR
2021-07-08,46,0,4,NERE,SR
2021-07-08,46,0,4,AMPH,SR
2021-07-08,46,0,4,ISOP,SR
2021-07-08,46,0,4,ONBI,SR
2021-07-08,46,1,4,LOPE,SR
2021-07-08,46,0,4,ENMU,SR
2021-07-08,46,0,4,LOSC,SR
2021-07-08,46,0,4,HISP,SR
2021-07-08,46,0,4,ULSP,SR
2021-07-08,46,0,4,NUOS,SR
2021-07-08,46,0,4,POLY,SR
2021-07-08,46,0,4,AMSP,SR
2021-07-08,47,1,2,SECA,SI
2021-07-08,47,2,2,BAGL,SI
2021-07-08,47,22,2,CHDA,SI
2021-07-08,47,16,2,LOPA,SI
2021-07-08,47,21,2,LODI,SI
2021-07-08,47,1,2,LISI,SI
2021-07-08,47,0,2,LISC,SI
2021-07-08,47,8,2,FUDI,SI
2021-07-08,47,0,2,MYSP,SI
2021-07-08,47,0,2,ANEL,SI
2021-07-08,47,0,2,POPL,SI
2021-07-08,47,0,2,COVA,SI
2021-07-08,47,0,2,NERE,SI
2021-07-08,47,0,2,AMPH,SI
2021-07-08,47,0,2,ISOP,SI
2021-07-08,47,0,2,ONBI,SI
2021-07-08,47,0,2,LOPE,SI
2021-07-08,47,0,2,ENMU,SI
2021-07-08,47,0,2,LOSC,SI
2021-07-08,47,0.8,2,HISP,SI
2021-07-08,47,0,2,ULSP,SI
2021-07-08,47,0,2,NUOS,SI
2021-07-08,47,0,2,POLY,SI
2021-07-08,47,0,2,AMSP,SI
2021-07-08,48,0,3,SECA,UR
2021-07-08,48,8,3,BAGL,UR
2021-07-08,48,28,3,CHDA,UR
2021-07-08,48,0,3,LOPA,UR
2021-07-08,48,0,3,LODI,UR
2021-07-08,48,0,3,LISI,UR
2021-07-08,48,0,3,LISC,UR
2021-07-08,48,0,3,FUDI,UR
2021-07-08,48,0,3,MYSP,UR
2021-07-08,48,0,3,ANEL,UR
2021-07-08,48,0,3,POPL,UR
2021-07-08,48,0,3,COVA,UR
2021-07-08,48,0,3,NERE,UR
2021-07-08,48,0,3,AMPH,UR
2021-07-08,48,0,3,ISOP,UR
2021-07-08,48,0,3,ONBI,UR
2021-07-08,48,0,3,LOPE,UR
2021-07-08,48,7.2,3,ENMU,UR
2021-07-08,48,0,3,LOSC,UR
2021-07-08,48,6.4,3,HISP,UR
2021-07-08,48,0,3,ULSP,UR
2021-07-08,48,0,3,NUOS,UR
2021-07-08,48,0,3,POLY,UR
2021-07-08,48,0,3,AMSP,UR
2021-08-21,1,0,3,SECA,UR
2021-08-21,1,0,3,EMGR,UR
2021-08-21,1,3,3,LOPA,UR
2021-08-21,1,0,3,LODI,UR
2021-08-21,1,1,3,LISC,UR
2021-08-21,1,0,3,LOSC,UR
2021-08-21,1,0,3,LISI,UR
2021-08-21,1,0,3,LOPE,UR
2021-08-21,1,0.01,3,HISP,UR
2021-08-21,1,0,3,ONBI,UR
2021-08-21,1,0,3,AMPH,UR
2021-08-21,1,0,3,MYSP,UR
2021-08-21,1,0,3,FUDI,UR
2021-08-21,1,0,3,ENMU,UR
2021-08-21,1,0,3,ULLA,UR
2021-08-21,1,0,3,ANEL,UR
2021-08-21,1,0,3,NULA,UR
2021-08-21,1,0,3,NUOS,UR
2021-08-21,1,0,3,NUCA,UR
2021-08-21,1,1,3,ISOP,UR
2021-08-21,1,0,3,COVA,UR
2021-08-21,1,0,3,POPL,UR
2021-08-21,1,0,3,PAHI,UR
2021-08-21,2,19,4,SECA,SR
2021-08-21,2,0,4,EMGR,SR
2021-08-21,2,4,4,LOPA,SR
2021-08-21,2,0,4,LODI,SR
2021-08-21,2,1,4,LISC,SR
2021-08-21,2,0,4,LOSC,SR
2021-08-21,2,0,4,LISI,SR
2021-08-21,2,0,4,LOPE,SR
2021-08-21,2,0.04,4,HISP,SR
2021-08-21,2,0,4,ONBI,SR
2021-08-21,2,0,4,AMPH,SR
2021-08-21,2,3,4,MYSP,SR
2021-08-21,2,0,4,FUDI,SR
2021-08-21,2,0,4,ENMU,SR
2021-08-21,2,0,4,ULLA,SR
2021-08-21,2,0,4,ANEL,SR
2021-08-21,2,0,4,NULA,SR
2021-08-21,2,0,4,NUOS,SR
2021-08-21,2,0,4,NUCA,SR
2021-08-21,2,0,4,ISOP,SR
2021-08-21,2,0,4,COVA,SR
2021-08-21,2,0,4,POPL,SR
2021-08-21,2,0,4,PAHI,SR
2021-08-21,3,52,1,SECA,UI
2021-08-21,3,0,1,EMGR,UI
2021-08-21,3,16,1,LOPA,UI
2021-08-21,3,20,1,LODI,UI
2021-08-21,3,10,1,LISC,UI
2021-08-21,3,0,1,LOSC,UI
2021-08-21,3,1,1,LISI,UI
2021-08-21,3,0,1,LOPE,UI
2021-08-21,3,0.01,1,HISP,UI
2021-08-21,3,1,1,ONBI,UI
2021-08-21,3,0,1,AMPH,UI
2021-08-21,3,5,1,MYSP,UI
2021-08-21,3,0.004,1,FUDI,UI
2021-08-21,3,0,1,ENMU,UI
2021-08-21,3,0,1,ULLA,UI
2021-08-21,3,0,1,ANEL,UI
2021-08-21,3,1,1,NULA,UI
2021-08-21,3,0,1,NUOS,UI
2021-08-21,3,0,1,NUCA,UI
2021-08-21,3,0,1,ISOP,UI
2021-08-21,3,0,1,COVA,UI
2021-08-21,3,0,1,POPL,UI
2021-08-21,3,0,1,PAHI,UI
2021-08-21,4,50,2,SECA,SI
2021-08-21,4,0,2,EMGR,SI
2021-08-21,4,5,2,LOPA,SI
2021-08-21,4,17,2,LODI,SI
2021-08-21,4,15,2,LISC,SI
2021-08-21,4,0,2,LOSC,SI
2021-08-21,4,1,2,LISI,SI
2021-08-21,4,0,2,LOPE,SI
2021-08-21,4,0.02,2,HISP,SI
2021-08-21,4,1,2,ONBI,SI
2021-08-21,4,0,2,AMPH,SI
2021-08-21,4,5,2,MYSP,SI
2021-08-21,4,0.004,2,FUDI,SI
2021-08-21,4,0,2,ENMU,SI
2021-08-21,4,0,2,ULLA,SI
2021-08-21,4,0,2,ANEL,SI
2021-08-21,4,0,2,NULA,SI
2021-08-21,4,0,2,NUOS,SI
2021-08-21,4,0,2,NUCA,SI
2021-08-21,4,0,2,ISOP,SI
2021-08-21,4,0,2,COVA,SI
2021-08-21,4,0,2,POPL,SI
2021-08-21,4,0,2,PAHI,SI
2021-08-21,5,9,4,SECA,SR
2021-08-21,5,0,4,EMGR,SR
2021-08-21,5,12,4,LOPA,SR
2021-08-21,5,1,4,LODI,SR
2021-08-21,5,2,4,LISC,SR
2021-08-21,5,0,4,LOSC,SR
2021-08-21,5,0,4,LISI,SR
2021-08-21,5,1,4,LOPE,SR
2021-08-21,5,0.02,4,HISP,SR
2021-08-21,5,0,4,ONBI,SR
2021-08-21,5,0,4,AMPH,SR
2021-08-21,5,0,4,MYSP,SR
2021-08-21,5,0.004,4,FUDI,SR
2021-08-21,5,0,4,ENMU,SR
2021-08-21,5,0,4,ULLA,SR
2021-08-21,5,0,4,ANEL,SR
2021-08-21,5,0,4,NULA,SR
2021-08-21,5,0,4,NUOS,SR
2021-08-21,5,0,4,NUCA,SR
2021-08-21,5,0,4,ISOP,SR
2021-08-21,5,0,4,COVA,SR
2021-08-21,5,0,4,POPL,SR
2021-08-21,5,0,4,PAHI,SR
2021-08-21,6,46,1,SECA,UI
2021-08-21,6,0,1,EMGR,UI
2021-08-21,6,13,1,LOPA,UI
2021-08-21,6,21,1,LODI,UI
2021-08-21,6,0,1,LISC,UI
2021-08-21,6,0,1,LOSC,UI
2021-08-21,6,0,1,LISI,UI
2021-08-21,6,0,1,LOPE,UI
2021-08-21,6,0.03,1,HISP,UI
2021-08-21,6,0,1,ONBI,UI
2021-08-21,6,0,1,AMPH,UI
2021-08-21,6,4,1,MYSP,UI
2021-08-21,6,0,1,FUDI,UI
2021-08-21,6,0,1,ENMU,UI
2021-08-21,6,0,1,ULLA,UI
2021-08-21,6,8,1,ANEL,UI
2021-08-21,6,0,1,NULA,UI
2021-08-21,6,0,1,NUOS,UI
2021-08-21,6,0,1,NUCA,UI
2021-08-21,6,0,1,ISOP,UI
2021-08-21,6,0,1,COVA,UI
2021-08-21,6,0,1,POPL,UI
2021-08-21,6,0,1,PAHI,UI
2021-08-21,7,37,2,SECA,SI
2021-08-21,7,0,2,EMGR,SI
2021-08-21,7,11,2,LOPA,SI
2021-08-21,7,21,2,LODI,SI
2021-08-21,7,0,2,LISC,SI
2021-08-21,7,0,2,LOSC,SI
2021-08-21,7,0,2,LISI,SI
2021-08-21,7,1,2,LOPE,SI
2021-08-21,7,0.03,2,HISP,SI
2021-08-21,7,0,2,ONBI,SI
2021-08-21,7,0,2,AMPH,SI
2021-08-21,7,2,2,MYSP,SI
2021-08-21,7,0,2,FUDI,SI
2021-08-21,7,0,2,ENMU,SI
2021-08-21,7,0,2,ULLA,SI
2021-08-21,7,9,2,ANEL,SI
2021-08-21,7,0,2,NULA,SI
2021-08-21,7,0,2,NUOS,SI
2021-08-21,7,0,2,NUCA,SI
2021-08-21,7,0,2,ISOP,SI
2021-08-21,7,0,2,COVA,SI
2021-08-21,7,0,2,POPL,SI
2021-08-21,7,0,2,PAHI,SI
2021-08-21,8,0,3,SECA,UR
2021-08-21,8,0,3,EMGR,UR
2021-08-21,8,2,3,LOPA,UR
2021-08-21,8,0,3,LODI,UR
2021-08-21,8,0,3,LISC,UR
2021-08-21,8,0,3,LOSC,UR
2021-08-21,8,1,3,LISI,UR
2021-08-21,8,0,3,LOPE,UR
2021-08-21,8,0.02,3,HISP,UR
2021-08-21,8,0,3,ONBI,UR
2021-08-21,8,0,3,AMPH,UR
2021-08-21,8,0,3,MYSP,UR
2021-08-21,8,0,3,FUDI,UR
2021-08-21,8,0,3,ENMU,UR
2021-08-21,8,0,3,ULLA,UR
2021-08-21,8,0,3,ANEL,UR
2021-08-21,8,0,3,NULA,UR
2021-08-21,8,0,3,NUOS,UR
2021-08-21,8,0,3,NUCA,UR
2021-08-21,8,0,3,ISOP,UR
2021-08-21,8,0,3,COVA,UR
2021-08-21,8,0,3,POPL,UR
2021-08-21,8,0,3,PAHI,UR
2021-08-21,9,0,3,SECA,UR
2021-08-21,9,0,3,EMGR,UR
2021-08-21,9,5,3,LOPA,UR
2021-08-21,9,1,3,LODI,UR
2021-08-21,9,3,3,LISC,UR
2021-08-21,9,0,3,LOSC,UR
2021-08-21,9,0,3,LISI,UR
2021-08-21,9,0,3,LOPE,UR
2021-08-21,9,0.03,3,HISP,UR
2021-08-21,9,0,3,ONBI,UR
2021-08-21,9,0,3,AMPH,UR
2021-08-21,9,0,3,MYSP,UR
2021-08-21,9,0,3,FUDI,UR
2021-08-21,9,0,3,ENMU,UR
2021-08-21,9,0,3,ULLA,UR
2021-08-21,9,0,3,ANEL,UR
2021-08-21,9,0,3,NULA,UR
2021-08-21,9,0,3,NUOS,UR
2021-08-21,9,0,3,NUCA,UR
2021-08-21,9,0,3,ISOP,UR
2021-08-21,9,0,3,COVA,UR
2021-08-21,9,0,3,POPL,UR
2021-08-21,9,0,3,PAHI,UR
2021-08-21,10,8,4,SECA,SR
2021-08-21,10,0,4,EMGR,SR
2021-08-21,10,11,4,LOPA,SR
2021-08-21,10,4,4,LODI,SR
2021-08-21,10,5,4,LISC,SR
2021-08-21,10,0,4,LOSC,SR
2021-08-21,10,0,4,LISI,SR
2021-08-21,10,0,4,LOPE,SR
2021-08-21,10,0.05,4,HISP,SR
2021-08-21,10,0,4,ONBI,SR
2021-08-21,10,0,4,AMPH,SR
2021-08-21,10,2,4,MYSP,SR
2021-08-21,10,0,4,FUDI,SR
2021-08-21,10,0,4,ENMU,SR
2021-08-21,10,0,4,ULLA,SR
2021-08-21,10,0,4,ANEL,SR
2021-08-21,10,0,4,NULA,SR
2021-08-21,10,0,4,NUOS,SR
2021-08-21,10,0,4,NUCA,SR
2021-08-21,10,0,4,ISOP,SR
2021-08-21,10,0,4,COVA,SR
2021-08-21,10,0,4,POPL,SR
2021-08-21,10,0,4,PAHI,SR
2021-08-21,11,4,1,SECA,UI
2021-08-21,11,0,1,EMGR,UI
2021-08-21,11,20,1,LOPA,UI
2021-08-21,11,3,1,LODI,UI
2021-08-21,11,0,1,LISC,UI
2021-08-21,11,0,1,LOSC,UI
2021-08-21,11,0,1,LISI,UI
2021-08-21,11,1,1,LOPE,UI
2021-08-21,11,0.03,1,HISP,UI
2021-08-21,11,0,1,ONBI,UI
2021-08-21,11,0,1,AMPH,UI
2021-08-21,11,0,1,MYSP,UI
2021-08-21,11,0,1,FUDI,UI
2021-08-21,11,0,1,ENMU,UI
2021-08-21,11,0,1,ULLA,UI
2021-08-21,11,0,1,ANEL,UI
2021-08-21,11,0,1,NULA,UI
2021-08-21,11,0,1,NUOS,UI
2021-08-21,11,0,1,NUCA,UI
2021-08-21,11,0,1,ISOP,UI
2021-08-21,11,0,1,COVA,UI
2021-08-21,11,0,1,POPL,UI
2021-08-21,11,0,1,PAHI,UI
2021-08-21,12,44,2,SECA,SI
2021-08-21,12,0,2,EMGR,SI
2021-08-21,12,14,2,LOPA,SI
2021-08-21,12,21,2,LODI,SI
2021-08-21,12,1,2,LISC,SI
2021-08-21,12,0,2,LOSC,SI
2021-08-21,12,0,2,LISI,SI
2021-08-21,12,0,2,LOPE,SI
2021-08-21,12,0.04,2,HISP,SI
2021-08-21,12,0,2,ONBI,SI
2021-08-21,12,1,2,AMPH,SI
2021-08-21,12,2,2,MYSP,SI
2021-08-21,12,0,2,FUDI,SI
2021-08-21,12,0,2,ENMU,SI
2021-08-21,12,0.004,2,ULLA,SI
2021-08-21,12,3,2,ANEL,SI
2021-08-21,12,0,2,NULA,SI
2021-08-21,12,0,2,NUOS,SI
2021-08-21,12,0,2,NUCA,SI
2021-08-21,12,0,2,ISOP,SI
2021-08-21,12,0,2,COVA,SI
2021-08-21,12,0,2,POPL,SI
2021-08-21,12,0,2,PAHI,SI
2021-08-21,13,1,3,SECA,UR
2021-08-21,13,0,3,EMGR,UR
2021-08-21,13,16,3,LOPA,UR
2021-08-21,13,0,3,LODI,UR
2021-08-21,13,1,3,LISC,UR
2021-08-21,13,0,3,LOSC,UR
2021-08-21,13,0,3,LISI,UR
2021-08-21,13,0,3,LOPE,UR
2021-08-21,13,0.06,3,HISP,UR
2021-08-21,13,0,3,ONBI,UR
2021-08-21,13,0,3,AMPH,UR
2021-08-21,13,1,3,MYSP,UR
2021-08-21,13,0,3,FUDI,UR
2021-08-21,13,0,3,ENMU,UR
2021-08-21,13,0,3,ULLA,UR
2021-08-21,13,13,3,ANEL,UR
2021-08-21,13,0,3,NULA,UR
2021-08-21,13,0,3,NUOS,UR
2021-08-21,13,0,3,NUCA,UR
2021-08-21,13,0,3,ISOP,UR
2021-08-21,13,0.03,3,COVA,UR
2021-08-21,13,0,3,POPL,UR
2021-08-21,13,0,3,PAHI,UR
2021-08-21,14,31,2,SECA,SI
2021-08-21,14,0,2,EMGR,SI
2021-08-21,14,12,2,LOPA,SI
2021-08-21,14,2,2,LODI,SI
2021-08-21,14,0,2,LISC,SI
2021-08-21,14,0,2,LOSC,SI
2021-08-21,14,0,2,LISI,SI
2021-08-21,14,0,2,LOPE,SI
2021-08-21,14,0,2,HISP,SI
2021-08-21,14,0,2,ONBI,SI
2021-08-21,14,0,2,AMPH,SI
2021-08-21,14,1,2,MYSP,SI
2021-08-21,14,0,2,FUDI,SI
2021-08-21,14,0,2,ENMU,SI
2021-08-21,14,0,2,ULLA,SI
2021-08-21,14,21,2,ANEL,SI
2021-08-21,14,0,2,NULA,SI
2021-08-21,14,0,2,NUOS,SI
2021-08-21,14,0,2,NUCA,SI
2021-08-21,14,0,2,ISOP,SI
2021-08-21,14,0.01,2,COVA,SI
2021-08-21,14,0,2,POPL,SI
2021-08-21,14,0,2,PAHI,SI
2021-08-21,15,0,4,SECA,SR
2021-08-21,15,0,4,EMGR,SR
2021-08-21,15,10,4,LOPA,SR
2021-08-21,15,4,4,LODI,SR
2021-08-21,15,1,4,LISC,SR
2021-08-21,15,0,4,LOSC,SR
2021-08-21,15,0,4,LISI,SR
2021-08-21,15,0,4,LOPE,SR
2021-08-21,15,0.08,4,HISP,SR
2021-08-21,15,0,4,ONBI,SR
2021-08-21,15,0,4,AMPH,SR
2021-08-21,15,0,4,MYSP,SR
2021-08-21,15,0,4,FUDI,SR
2021-08-21,15,0,4,ENMU,SR
2021-08-21,15,0,4,ULLA,SR
2021-08-21,15,0,4,ANEL,SR
2021-08-21,15,0,4,NULA,SR
2021-08-21,15,0,4,NUOS,SR
2021-08-21,15,1,4,NUCA,SR
2021-08-21,15,0,4,ISOP,SR
2021-08-21,15,0,4,COVA,SR
2021-08-21,15,0,4,POPL,SR
2021-08-21,15,0,4,PAHI,SR
2021-08-21,17,0,3,SECA,UR
2021-08-21,17,0,3,EMGR,UR
2021-08-21,17,18,3,LOPA,UR
2021-08-21,17,2,3,LODI,UR
2021-08-21,17,2,3,LISC,UR
2021-08-21,17,0,3,LOSC,UR
2021-08-21,17,0,3,LISI,UR
2021-08-21,17,0,3,LOPE,UR
2021-08-21,17,0,3,HISP,UR
2021-08-21,17,0,3,ONBI,UR
2021-08-21,17,0,3,AMPH,UR
2021-08-21,17,0,3,MYSP,UR
2021-08-21,17,0,3,FUDI,UR
2021-08-21,17,0,3,ENMU,UR
2021-08-21,17,0,3,ULLA,UR
2021-08-21,17,0,3,ANEL,UR
2021-08-21,17,0,3,NULA,UR
2021-08-21,17,0,3,NUOS,UR
2021-08-21,17,0,3,NUCA,UR
2021-08-21,17,0,3,ISOP,UR
2021-08-21,17,0,3,COVA,UR
2021-08-21,17,0,3,POPL,UR
2021-08-21,17,0,3,PAHI,UR
2021-08-21,18,45,4,SECA,SR
2021-08-21,18,0,4,EMGR,SR
2021-08-21,18,6,4,LOPA,SR
2021-08-21,18,1,4,LODI,SR
2021-08-21,18,0,4,LISC,SR
2021-08-21,18,1,4,LOSC,SR
2021-08-21,18,0,4,LISI,SR
2021-08-21,18,1,4,LOPE,SR
2021-08-21,18,0.06,4,HISP,SR
2021-08-21,18,0,4,ONBI,SR
2021-08-21,18,1,4,AMPH,SR
2021-08-21,18,0,4,MYSP,SR
2021-08-21,18,0,4,FUDI,SR
2021-08-21,18,0,4,ENMU,SR
2021-08-21,18,0.004,4,ULLA,SR
2021-08-21,18,0,4,ANEL,SR
2021-08-21,18,0,4,NULA,SR
2021-08-21,18,0,4,NUOS,SR
2021-08-21,18,0,4,NUCA,SR
2021-08-21,18,1,4,ISOP,SR
2021-08-21,18,0,4,COVA,SR
2021-08-21,18,0,4,POPL,SR
2021-08-21,18,0,4,PAHI,SR
2021-08-21,16,13,1,SECA,UI
2021-08-21,16,1,1,EMGR,UI
2021-08-21,16,12,1,LOPA,UI
2021-08-21,16,4,1,LODI,UI
2021-08-21,16,2,1,LISC,UI
2021-08-21,16,0,1,LOSC,UI
2021-08-21,16,0,1,LISI,UI
2021-08-21,16,0,1,LOPE,UI
2021-08-21,16,0.05,1,HISP,UI
2021-08-21,16,0,1,ONBI,UI
2021-08-21,16,0,1,AMPH,UI
2021-08-21,16,4,1,MYSP,UI
2021-08-21,16,0,1,FUDI,UI
2021-08-21,16,0,1,ENMU,UI
2021-08-21,16,0,1,ULLA,UI
2021-08-21,16,5,1,ANEL,UI
2021-08-21,16,0,1,NULA,UI
2021-08-21,16,0,1,NUOS,UI
2021-08-21,16,1,1,NUCA,UI
2021-08-21,16,0,1,ISOP,UI
2021-08-21,16,0,1,COVA,UI
2021-08-21,16,1,1,POPL,UI
2021-08-21,16,0,1,PAHI,UI
2021-08-21,19,82,2,SECA,SI
2021-08-21,19,0,2,EMGR,SI
2021-08-21,19,4,2,LOPA,SI
2021-08-21,19,10,2,LODI,SI
2021-08-21,19,3,2,LISC,SI
2021-08-21,19,0,2,LOSC,SI
2021-08-21,19,0,2,LISI,SI
2021-08-21,19,1,2,LOPE,SI
2021-08-21,19,0,2,HISP,SI
2021-08-21,19,0,2,ONBI,SI
2021-08-21,19,0,2,AMPH,SI
2021-08-21,19,1,2,MYSP,SI
2021-08-21,19,0,2,FUDI,SI
2021-08-21,19,0,2,ENMU,SI
2021-08-21,19,0,2,ULLA,SI
2021-08-21,19,0,2,ANEL,SI
2021-08-21,19,0,2,NULA,SI
2021-08-21,19,0,2,NUOS,SI
2021-08-21,19,0,2,NUCA,SI
2021-08-21,19,0,2,ISOP,SI
2021-08-21,19,0,2,COVA,SI
2021-08-21,19,1,2,POPL,SI
2021-08-21,19,0,2,PAHI,SI
2021-08-21,20,3,1,SECA,UI
2021-08-21,20,0,1,EMGR,UI
2021-08-21,20,3,1,LOPA,UI
2021-08-21,20,10,1,LODI,UI
2021-08-21,20,4,1,LISC,UI
2021-08-21,20,0,1,LOSC,UI
2021-08-21,20,0,1,LISI,UI
2021-08-21,20,0,1,LOPE,UI
2021-08-21,20,0.07,1,HISP,UI
2021-08-21,20,0,1,ONBI,UI
2021-08-21,20,0,1,AMPH,UI
2021-08-21,20,0,1,MYSP,UI
2021-08-21,20,0.03,1,FUDI,UI
2021-08-21,20,0,1,ENMU,UI
2021-08-21,20,0,1,ULLA,UI
2021-08-21,20,0,1,ANEL,UI
2021-08-21,20,0,1,NULA,UI
2021-08-21,20,9,1,NUOS,UI
2021-08-21,20,0,1,NUCA,UI
2021-08-21,20,0,1,ISOP,UI
2021-08-21,20,0,1,COVA,UI
2021-08-21,20,0,1,POPL,UI
2021-08-21,20,0,1,PAHI,UI
2021-08-21,21,4,1,SECA,UI
2021-08-21,21,0,1,EMGR,UI
2021-08-21,21,9,1,LOPA,UI
2021-08-21,21,6,1,LODI,UI
2021-08-21,21,3,1,LISC,UI
2021-08-21,21,0,1,LOSC,UI
2021-08-21,21,0,1,LISI,UI
2021-08-21,21,0,1,LOPE,UI
2021-08-21,21,0.18,1,HISP,UI
2021-08-21,21,0,1,ONBI,UI
2021-08-21,21,0,1,AMPH,UI
2021-08-21,21,3,1,MYSP,UI
2021-08-21,21,0,1,FUDI,UI
2021-08-21,21,0,1,ENMU,UI
2021-08-21,21,0,1,ULLA,UI
2021-08-21,21,0,1,ANEL,UI
2021-08-21,21,0,1,NULA,UI
2021-08-21,21,0,1,NUOS,UI
2021-08-21,21,0,1,NUCA,UI
2021-08-21,21,0,1,ISOP,UI
2021-08-21,21,0,1,COVA,UI
2021-08-21,21,0,1,POPL,UI
2021-08-21,21,0,1,PAHI,UI
2021-08-21,22,2,4,SECA,SR
2021-08-21,22,0,4,EMGR,SR
2021-08-21,22,7,4,LOPA,SR
2021-08-21,22,1,4,LODI,SR
2021-08-21,22,1,4,LISC,SR
2021-08-21,22,0,4,LOSC,SR
2021-08-21,22,0,4,LISI,SR
2021-08-21,22,0,4,LOPE,SR
2021-08-21,22,0,4,HISP,SR
2021-08-21,22,0,4,ONBI,SR
2021-08-21,22,0,4,AMPH,SR
2021-08-21,22,1,4,MYSP,SR
2021-08-21,22,0,4,FUDI,SR
2021-08-21,22,0,4,ENMU,SR
2021-08-21,22,0,4,ULLA,SR
2021-08-21,22,0,4,ANEL,SR
2021-08-21,22,0,4,NULA,SR
2021-08-21,22,0,4,NUOS,SR
2021-08-21,22,0,4,NUCA,SR
2021-08-21,22,0,4,ISOP,SR
2021-08-21,22,0,4,COVA,SR
2021-08-21,22,0,4,POPL,SR
2021-08-21,22,0,4,PAHI,SR
2021-08-21,23,33,2,SECA,SI
2021-08-21,23,0,2,EMGR,SI
2021-08-21,23,3,2,LOPA,SI
2021-08-21,23,4,2,LODI,SI
2021-08-21,23,3,2,LISC,SI
2021-08-21,23,0,2,LOSC,SI
2021-08-21,23,0,2,LISI,SI
2021-08-21,23,1,2,LOPE,SI
2021-08-21,23,0.19,2,HISP,SI
2021-08-21,23,0,2,ONBI,SI
2021-08-21,23,0,2,AMPH,SI
2021-08-21,23,2,2,MYSP,SI
2021-08-21,23,0,2,FUDI,SI
2021-08-21,23,0,2,ENMU,SI
2021-08-21,23,0,2,ULLA,SI
2021-08-21,23,0,2,ANEL,SI
2021-08-21,23,0,2,NULA,SI
2021-08-21,23,0,2,NUOS,SI
2021-08-21,23,0,2,NUCA,SI
2021-08-21,23,0,2,ISOP,SI
2021-08-21,23,0,2,COVA,SI
2021-08-21,23,0,2,POPL,SI
2021-08-21,23,0,2,PAHI,SI
2021-08-21,24,0,3,SECA,UR
2021-08-21,24,0,3,EMGR,UR
2021-08-21,24,1,3,LOPA,UR
2021-08-21,24,1,3,LODI,UR
2021-08-21,24,0,3,LISC,UR
2021-08-21,24,0,3,LOSC,UR
2021-08-21,24,0,3,LISI,UR
2021-08-21,24,0,3,LOPE,UR
2021-08-21,24,0.2,3,HISP,UR
2021-08-21,24,0,3,ONBI,UR
2021-08-21,24,1,3,AMPH,UR
2021-08-21,24,0,3,MYSP,UR
2021-08-21,24,0,3,FUDI,UR
2021-08-21,24,0,3,ENMU,UR
2021-08-21,24,0,3,ULLA,UR
2021-08-21,24,0,3,ANEL,UR
2021-08-21,24,0,3,NULA,UR
2021-08-21,24,0,3,NUOS,UR
2021-08-21,24,0,3,NUCA,UR
2021-08-21,24,0,3,ISOP,UR
2021-08-21,24,0,3,COVA,UR
2021-08-21,24,0,3,POPL,UR
2021-08-21,24,0,3,PAHI,UR
2021-08-21,25,0,3,SECA,UR
2021-08-21,25,0,3,EMGR,UR
2021-08-21,25,0,3,LOPA,UR
2021-08-21,25,0,3,LODI,UR
2021-08-21,25,0,3,LISC,UR
2021-08-21,25,0,3,LOSC,UR
2021-08-21,25,0,3,LISI,UR
2021-08-21,25,0,3,LOPE,UR
2021-08-21,25,0,3,HISP,UR
2021-08-21,25,0,3,ONBI,UR
2021-08-21,25,0,3,AMPH,UR
2021-08-21,25,0,3,MYSP,UR
2021-08-21,25,0,3,FUDI,UR
2021-08-21,25,0,3,ENMU,UR
2021-08-21,25,0.08,3,ULLA,UR
2021-08-21,25,0,3,ANEL,UR
2021-08-21,25,0,3,NULA,UR
2021-08-21,25,0,3,NUOS,UR
2021-08-21,25,0,3,NUCA,UR
2021-08-21,25,0,3,ISOP,UR
2021-08-21,25,0,3,COVA,UR
2021-08-21,25,0,3,POPL,UR
2021-08-21,25,0,3,PAHI,UR
2021-08-21,26,4,4,SECA,SR
2021-08-21,26,3,4,EMGR,SR
2021-08-21,26,2,4,LOPA,SR
2021-08-21,26,0,4,LODI,SR
2021-08-21,26,0,4,LISC,SR
2021-08-21,26,0,4,LOSC,SR
2021-08-21,26,0,4,LISI,SR
2021-08-21,26,2,4,LOPE,SR
2021-08-21,26,0.08,4,HISP,SR
2021-08-21,26,2,4,ONBI,SR
2021-08-21,26,2,4,AMPH,SR
2021-08-21,26,0,4,MYSP,SR
2021-08-21,26,0.03,4,FUDI,SR
2021-08-21,26,0.02,4,ENMU,SR
2021-08-21,26,0.02,4,ULLA,SR
2021-08-21,26,5,4,ANEL,SR
2021-08-21,26,0,4,NULA,SR
2021-08-21,26,0,4,NUOS,SR
2021-08-21,26,0,4,NUCA,SR
2021-08-21,26,0,4,ISOP,SR
2021-08-21,26,0,4,COVA,SR
2021-08-21,26,0,4,POPL,SR
2021-08-21,26,0,4,PAHI,SR
2021-08-21,27,2,1,SECA,UI
2021-08-21,27,0,1,EMGR,UI
2021-08-21,27,2,1,LOPA,UI
2021-08-21,27,4,1,LODI,UI
2021-08-21,27,11,1,LISC,UI
2021-08-21,27,0,1,LOSC,UI
2021-08-21,27,0,1,LISI,UI
2021-08-21,27,2,1,LOPE,UI
2021-08-21,27,0.03,1,HISP,UI
2021-08-21,27,5,1,ONBI,UI
2021-08-21,27,0,1,AMPH,UI
2021-08-21,27,0,1,MYSP,UI
2021-08-21,27,0.004,1,FUDI,UI
2021-08-21,27,0,1,ENMU,UI
2021-08-21,27,0,1,ULLA,UI
2021-08-21,27,0,1,ANEL,UI
2021-08-21,27,0,1,NULA,UI
2021-08-21,27,0,1,NUOS,UI
2021-08-21,27,0,1,NUCA,UI
2021-08-21,27,0,1,ISOP,UI
2021-08-21,27,0,1,COVA,UI
2021-08-21,27,0,1,POPL,UI
2021-08-21,27,0,1,PAHI,UI
2021-08-21,28,41,2,SECA,SI
2021-08-21,28,1,2,EMGR,SI
2021-08-21,28,2,2,LOPA,SI
2021-08-21,28,9,2,LODI,SI
2021-08-21,28,1,2,LISC,SI
2021-08-21,28,0,2,LOSC,SI
2021-08-21,28,0,2,LISI,SI
2021-08-21,28,2,2,LOPE,SI
2021-08-21,28,0.01,2,HISP,SI
2021-08-21,28,5,2,ONBI,SI
2021-08-21,28,1,2,AMPH,SI
2021-08-21,28,1,2,MYSP,SI
2021-08-21,28,0,2,FUDI,SI
2021-08-21,28,0,2,ENMU,SI
2021-08-21,28,0,2,ULLA,SI
2021-08-21,28,6,2,ANEL,SI
2021-08-21,28,0,2,NULA,SI
2021-08-21,28,0,2,NUOS,SI
2021-08-21,28,0,2,NUCA,SI
2021-08-21,28,0,2,ISOP,SI
2021-08-21,28,0,2,COVA,SI
2021-08-21,28,0,2,POPL,SI
2021-08-21,28,1,2,PAHI,SI
2021-08-21,29,4,4,SECA,SR
2021-08-21,29,2,4,EMGR,SR
2021-08-21,29,3,4,LOPA,SR
2021-08-21,29,0,4,LODI,SR
2021-08-21,29,0,4,LISC,SR
2021-08-21,29,5,4,LOSC,SR
2021-08-21,29,0,4,LISI,SR
2021-08-21,29,3,4,LOPE,SR
2021-08-21,29,0.02,4,HISP,SR
2021-08-21,29,0,4,ONBI,SR
2021-08-21,29,0,4,AMPH,SR
2021-08-21,29,0,4,MYSP,SR
2021-08-21,29,0,4,FUDI,SR
2021-08-21,29,0,4,ENMU,SR
2021-08-21,29,0,4,ULLA,SR
2021-08-21,29,13,4,ANEL,SR
2021-08-21,29,0,4,NULA,SR
2021-08-21,29,0,4,NUOS,SR
2021-08-21,29,0,4,NUCA,SR
2021-08-21,29,0,4,ISOP,SR
2021-08-21,29,0,4,COVA,SR
2021-08-21,29,0,4,POPL,SR
2021-08-21,29,0,4,PAHI,SR
2021-08-21,30,44,2,SECA,SI
2021-08-21,30,0,2,EMGR,SI
2021-08-21,30,0,2,LOPA,SI
2021-08-21,30,11,2,LODI,SI
2021-08-21,30,5,2,LISC,SI
2021-08-21,30,0,2,LOSC,SI
2021-08-21,30,0,2,LISI,SI
2021-08-21,30,0,2,LOPE,SI
2021-08-21,30,0.02,2,HISP,SI
2021-08-21,30,2,2,ONBI,SI
2021-08-21,30,0,2,AMPH,SI
2021-08-21,30,0,2,MYSP,SI
2021-08-21,30,0.004,2,FUDI,SI
2021-08-21,30,0,2,ENMU,SI
2021-08-21,30,0,2,ULLA,SI
2021-08-21,30,4,2,ANEL,SI
2021-08-21,30,0,2,NULA,SI
2021-08-21,30,0,2,NUOS,SI
2021-08-21,30,0,2,NUCA,SI
2021-08-21,30,0,2,ISOP,SI
2021-08-21,30,0,2,COVA,SI
2021-08-21,30,2,2,POPL,SI
2021-08-21,30,1,2,PAHI,SI
2021-08-21,31,1,1,SECA,UI
2021-08-21,31,0,1,EMGR,UI
2021-08-21,31,0,1,LOPA,UI
2021-08-21,31,17,1,LODI,UI
2021-08-21,31,22,1,LISC,UI
2021-08-21,31,0,1,LOSC,UI
2021-08-21,31,0,1,LISI,UI
2021-08-21,31,0,1,LOPE,UI
2021-08-21,31,0.06,1,HISP,UI
2021-08-21,31,0,1,ONBI,UI
2021-08-21,31,0,1,AMPH,UI
2021-08-21,31,0,1,MYSP,UI
2021-08-21,31,0,1,FUDI,UI
2021-08-21,31,0,1,ENMU,UI
2021-08-21,31,0,1,ULLA,UI
2021-08-21,31,0,1,ANEL,UI
2021-08-21,31,0,1,NULA,UI
2021-08-21,31,0,1,NUOS,UI
2021-08-21,31,0,1,NUCA,UI
2021-08-21,31,0,1,ISOP,UI
2021-08-21,31,0,1,COVA,UI
2021-08-21,31,0,1,POPL,UI
2021-08-21,31,0,1,PAHI,UI
2021-08-21,32,0,3,SECA,UR
2021-08-21,32,1,3,EMGR,UR
2021-08-21,32,0,3,LOPA,UR
2021-08-21,32,3,3,LODI,UR
2021-08-21,32,5,3,LISC,UR
2021-08-21,32,0,3,LOSC,UR
2021-08-21,32,0,3,LISI,UR
2021-08-21,32,0,3,LOPE,UR
2021-08-21,32,0,3,HISP,UR
2021-08-21,32,0,3,ONBI,UR
2021-08-21,32,0,3,AMPH,UR
2021-08-21,32,0,3,MYSP,UR
2021-08-21,32,0.004,3,FUDI,UR
2021-08-21,32,0,3,ENMU,UR
2021-08-21,32,0,3,ULLA,UR
2021-08-21,32,0,3,ANEL,UR
2021-08-21,32,0,3,NULA,UR
2021-08-21,32,0,3,NUOS,UR
2021-08-21,32,0,3,NUCA,UR
2021-08-21,32,0,3,ISOP,UR
2021-08-21,32,0,3,COVA,UR
2021-08-21,32,0,3,POPL,UR
2021-08-21,32,0,3,PAHI,UR
2021-08-21,33,0,1,SECA,UI
2021-08-21,33,0,1,EMGR,UI
2021-08-21,33,1,1,LOPA,UI
2021-08-21,33,19,1,LODI,UI
2021-08-21,33,20,1,LISC,UI
2021-08-21,33,0,1,LOSC,UI
2021-08-21,33,0,1,LISI,UI
2021-08-21,33,1,1,LOPE,UI
2021-08-21,33,0.05,1,HISP,UI
2021-08-21,33,0,1,ONBI,UI
2021-08-21,33,0,1,AMPH,UI
2021-08-21,33,0,1,MYSP,UI
2021-08-21,33,0.004,1,FUDI,UI
2021-08-21,33,0,1,ENMU,UI
2021-08-21,33,0,1,ULLA,UI
2021-08-21,33,0,1,ANEL,UI
2021-08-21,33,0,1,NULA,UI
2021-08-21,33,0,1,NUOS,UI
2021-08-21,33,0,1,NUCA,UI
2021-08-21,33,0,1,ISOP,UI
2021-08-21,33,0,1,COVA,UI
2021-08-21,33,0,1,POPL,UI
2021-08-21,33,0,1,PAHI,UI
2021-08-21,34,1,3,SECA,UR
2021-08-21,34,1,3,EMGR,UR
2021-08-21,34,0,3,LOPA,UR
2021-08-21,34,1,3,LODI,UR
2021-08-21,34,12,3,LISC,UR
2021-08-21,34,0,3,LOSC,UR
2021-08-21,34,0,3,LISI,UR
2021-08-21,34,0,3,LOPE,UR
2021-08-21,34,0.01,3,HISP,UR
2021-08-21,34,0,3,ONBI,UR
2021-08-21,34,0,3,AMPH,UR
2021-08-21,34,0,3,MYSP,UR
2021-08-21,34,0,3,FUDI,UR
2021-08-21,34,0,3,ENMU,UR
2021-08-21,34,0,3,ULLA,UR
2021-08-21,34,0,3,ANEL,UR
2021-08-21,34,0,3,NULA,UR
2021-08-21,34,0,3,NUOS,UR
2021-08-21,34,0,3,NUCA,UR
2021-08-21,34,0,3,ISOP,UR
2021-08-21,34,0,3,COVA,UR
2021-08-21,34,0,3,POPL,UR
2021-08-21,34,0,3,PAHI,UR
2021-08-21,35,5,2,SECA,SI
2021-08-21,35,0,2,EMGR,SI
2021-08-21,35,0,2,LOPA,SI
2021-08-21,35,10,2,LODI,SI
2021-08-21,35,13,2,LISC,SI
2021-08-21,35,0,2,LOSC,SI
2021-08-21,35,0,2,LISI,SI
2021-08-21,35,0,2,LOPE,SI
2021-08-21,35,0.04,2,HISP,SI
2021-08-21,35,1,2,ONBI,SI
2021-08-21,35,0,2,AMPH,SI
2021-08-21,35,0,2,MYSP,SI
2021-08-21,35,0,2,FUDI,SI
2021-08-21,35,0.004,2,ENMU,SI
2021-08-21,35,0,2,ULLA,SI
2021-08-21,35,4,2,ANEL,SI
2021-08-21,35,0,2,NULA,SI
2021-08-21,35,0,2,NUOS,SI
2021-08-21,35,0,2,NUCA,SI
2021-08-21,35,0,2,ISOP,SI
2021-08-21,35,0,2,COVA,SI
2021-08-21,35,0,2,POPL,SI
2021-08-21,35,0,2,PAHI,SI
2021-08-21,36,3,4,SECA,SR
2021-08-21,36,0,4,EMGR,SR
2021-08-21,36,1,4,LOPA,SR
2021-08-21,36,4,4,LODI,SR
2021-08-21,36,1,4,LISC,SR
2021-08-21,36,1,4,LOSC,SR
2021-08-21,36,0,4,LISI,SR
2021-08-21,36,1,4,LOPE,SR
2021-08-21,36,0.03,4,HISP,SR
2021-08-21,36,1,4,ONBI,SR
2021-08-21,36,0,4,AMPH,SR
2021-08-21,36,0,4,MYSP,SR
2021-08-21,36,0,4,FUDI,SR
2021-08-21,36,0,4,ENMU,SR
2021-08-21,36,0,4,ULLA,SR
2021-08-21,36,10,4,ANEL,SR
2021-08-21,36,0,4,NULA,SR
2021-08-21,36,0,4,NUOS,SR
2021-08-21,36,0,4,NUCA,SR
2021-08-21,36,0,4,ISOP,SR
2021-08-21,36,0,4,COVA,SR
2021-08-21,36,0,4,POPL,SR
2021-08-21,36,0,4,PAHI,SR
2021-08-21,37,1,4,SECA,SR
2021-08-21,37,0,4,EMGR,SR
2021-08-21,37,0,4,LOPA,SR
2021-08-21,37,6,4,LODI,SR
2021-08-21,37,3,4,LISC,SR
2021-08-21,37,0,4,LOSC,SR
2021-08-21,37,0,4,LISI,SR
2021-08-21,37,0,4,LOPE,SR
2021-08-21,37,0,4,HISP,SR
2021-08-21,37,2,4,ONBI,SR
2021-08-21,37,0,4,AMPH,SR
2021-08-21,37,0,4,MYSP,SR
2021-08-21,37,0.004,4,FUDI,SR
2021-08-21,37,0,4,ENMU,SR
2021-08-21,37,0,4,ULLA,SR
2021-08-21,37,5,4,ANEL,SR
2021-08-21,37,0,4,NULA,SR
2021-08-21,37,0,4,NUOS,SR
2021-08-21,37,0,4,NUCA,SR
2021-08-21,37,0,4,ISOP,SR
2021-08-21,37,0,4,COVA,SR
2021-08-21,37,0,4,POPL,SR
2021-08-21,37,0,4,PAHI,SR
2021-08-21,38,0,3,SECA,UR
2021-08-21,38,0,3,EMGR,UR
2021-08-21,38,0,3,LOPA,UR
2021-08-21,38,4,3,LODI,UR
2021-08-21,38,7,3,LISC,UR
2021-08-21,38,0,3,LOSC,UR
2021-08-21,38,0,3,LISI,UR
2021-08-21,38,0,3,LOPE,UR
2021-08-21,38,0.01,3,HISP,UR
2021-08-21,38,1,3,ONBI,UR
2021-08-21,38,0,3,AMPH,UR
2021-08-21,38,0,3,MYSP,UR
2021-08-21,38,0,3,FUDI,UR
2021-08-21,38,0,3,ENMU,UR
2021-08-21,38,0,3,ULLA,UR
2021-08-21,38,0,3,ANEL,UR
2021-08-21,38,0,3,NULA,UR
2021-08-21,38,0,3,NUOS,UR
2021-08-21,38,0,3,NUCA,UR
2021-08-21,38,0,3,ISOP,UR
2021-08-21,38,0,3,COVA,UR
2021-08-21,38,0,3,POPL,UR
2021-08-21,38,0,3,PAHI,UR
2021-08-21,39,1,1,SECA,UI
2021-08-21,39,0,1,EMGR,UI
2021-08-21,39,0,1,LOPA,UI
2021-08-21,39,12,1,LODI,UI
2021-08-21,39,11,1,LISC,UI
2021-08-21,39,0,1,LOSC,UI
2021-08-21,39,0,1,LISI,UI
2021-08-21,39,0,1,LOPE,UI
2021-08-21,39,0.04,1,HISP,UI
2021-08-21,39,0,1,ONBI,UI
2021-08-21,39,1,1,AMPH,UI
2021-08-21,39,0,1,MYSP,UI
2021-08-21,39,0,1,FUDI,UI
2021-08-21,39,0.09,1,ENMU,UI
2021-08-21,39,0,1,ULLA,UI
2021-08-21,39,0,1,ANEL,UI
2021-08-21,39,0,1,NULA,UI
2021-08-21,39,0,1,NUOS,UI
2021-08-21,39,0,1,NUCA,UI
2021-08-21,39,0,1,ISOP,UI
2021-08-21,39,0,1,COVA,UI
2021-08-21,39,0,1,POPL,UI
2021-08-21,39,0,1,PAHI,UI
2021-08-21,40,11,2,SECA,SI
2021-08-21,40,1,2,EMGR,SI
2021-08-21,40,0,2,LOPA,SI
2021-08-21,40,12,2,LODI,SI
2021-08-21,40,11,2,LISC,SI
2021-08-21,40,0,2,LOSC,SI
2021-08-21,40,0,2,LISI,SI
2021-08-21,40,0,2,LOPE,SI
2021-08-21,40,0.03,2,HISP,SI
2021-08-21,40,0,2,ONBI,SI
2021-08-21,40,2,2,AMPH,SI
2021-08-21,40,0,2,MYSP,SI
2021-08-21,40,0,2,FUDI,SI
2021-08-21,40,0,2,ENMU,SI
2021-08-21,40,0,2,ULLA,SI
2021-08-21,40,0,2,ANEL,SI
2021-08-21,40,0,2,NULA,SI
2021-08-21,40,0,2,NUOS,SI
2021-08-21,40,0,2,NUCA,SI
2021-08-21,40,0,2,ISOP,SI
2021-08-21,40,0,2,COVA,SI
2021-08-21,40,0,2,POPL,SI
2021-08-21,40,0,2,PAHI,SI
2021-08-21,41,12,1,SECA,UI
2021-08-21,41,0,1,EMGR,UI
2021-08-21,41,3,1,LOPA,UI
2021-08-21,41,6,1,LODI,UI
2021-08-21,41,0,1,LISC,UI
2021-08-21,41,0,1,LOSC,UI
2021-08-21,41,0,1,LISI,UI
2021-08-21,41,3,1,LOPE,UI
2021-08-21,41,0.01,1,HISP,UI
2021-08-21,41,1,1,ONBI,UI
2021-08-21,41,0,1,AMPH,UI
2021-08-21,41,0,1,MYSP,UI
2021-08-21,41,0,1,FUDI,UI
2021-08-21,41,0,1,ENMU,UI
2021-08-21,41,0,1,ULLA,UI
2021-08-21,41,16,1,ANEL,UI
2021-08-21,41,0,1,NULA,UI
2021-08-21,41,0,1,NUOS,UI
2021-08-21,41,0,1,NUCA,UI
2021-08-21,41,0,1,ISOP,UI
2021-08-21,41,0,1,COVA,UI
2021-08-21,41,0,1,POPL,UI
2021-08-21,41,0,1,PAHI,UI
2021-08-21,42,33,2,SECA,SI
2021-08-21,42,0,2,EMGR,SI
2021-08-21,42,4,2,LOPA,SI
2021-08-21,42,0,2,LODI,SI
2021-08-21,42,2,2,LISC,SI
2021-08-21,42,1,2,LOSC,SI
2021-08-21,42,0,2,LISI,SI
2021-08-21,42,4,2,LOPE,SI
2021-08-21,42,0.05,2,HISP,SI
2021-08-21,42,0,2,ONBI,SI
2021-08-21,42,0,2,AMPH,SI
2021-08-21,42,1,2,MYSP,SI
2021-08-21,42,0,2,FUDI,SI
2021-08-21,42,0,2,ENMU,SI
2021-08-21,42,0,2,ULLA,SI
2021-08-21,42,19,2,ANEL,SI
2021-08-21,42,0,2,NULA,SI
2021-08-21,42,0,2,NUOS,SI
2021-08-21,42,0,2,NUCA,SI
2021-08-21,42,0,2,ISOP,SI
2021-08-21,42,0,2,COVA,SI
2021-08-21,42,0,2,POPL,SI
2021-08-21,42,1,2,PAHI,SI
2021-08-21,43,3,4,SECA,SR
2021-08-21,43,0,4,EMGR,SR
2021-08-21,43,1,4,LOPA,SR
2021-08-21,43,1,4,LODI,SR
2021-08-21,43,0,4,LISC,SR
2021-08-21,43,1,4,LOSC,SR
2021-08-21,43,0,4,LISI,SR
2021-08-21,43,1,4,LOPE,SR
2021-08-21,43,0.09,4,HISP,SR
2021-08-21,43,1,4,ONBI,SR
2021-08-21,43,1,4,AMPH,SR
2021-08-21,43,1,4,MYSP,SR
2021-08-21,43,0,4,FUDI,SR
2021-08-21,43,0,4,ENMU,SR
2021-08-21,43,0,4,ULLA,SR
2021-08-21,43,0,4,ANEL,SR
2021-08-21,43,0,4,NULA,SR
2021-08-21,43,0,4,NUOS,SR
2021-08-21,43,0,4,NUCA,SR
2021-08-21,43,4,4,ISOP,SR
2021-08-21,43,0,4,COVA,SR
2021-08-21,43,0,4,POPL,SR
2021-08-21,43,0,4,PAHI,SR
2021-08-21,44,0,3,SECA,UR
2021-08-21,44,0,3,EMGR,UR
2021-08-21,44,0,3,LOPA,UR
2021-08-21,44,1,3,LODI,UR
2021-08-21,44,3,3,LISC,UR
2021-08-21,44,0,3,LOSC,UR
2021-08-21,44,0,3,LISI,UR
2021-08-21,44,0,3,LOPE,UR
2021-08-21,44,0.02,3,HISP,UR
2021-08-21,44,4,3,ONBI,UR
2021-08-21,44,0,3,AMPH,UR
2021-08-21,44,0,3,MYSP,UR
2021-08-21,44,0,3,FUDI,UR
2021-08-21,44,0,3,ENMU,UR
2021-08-21,44,0,3,ULLA,UR
2021-08-21,44,0,3,ANEL,UR
2021-08-21,44,0,3,NULA,UR
2021-08-21,44,0,3,NUOS,UR
2021-08-21,44,0,3,NUCA,UR
2021-08-21,44,0,3,ISOP,UR
2021-08-21,44,0,3,COVA,UR
2021-08-21,44,0,3,POPL,UR
2021-08-21,44,0,3,PAHI,UR
2021-08-21,45,22,1,SECA,UI
2021-08-21,45,1,1,EMGR,UI
2021-08-21,45,11,1,LOPA,UI
2021-08-21,45,1,1,LODI,UI
2021-08-21,45,2,1,LISC,UI
2021-08-21,45,0,1,LOSC,UI
2021-08-21,45,0,1,LISI,UI
2021-08-21,45,11,1,LOPE,UI
2021-08-21,45,0.13,1,HISP,UI
2021-08-21,45,2,1,ONBI,UI
2021-08-21,45,4,1,AMPH,UI
2021-08-21,45,0,1,MYSP,UI
2021-08-21,45,0.01,1,FUDI,UI
2021-08-21,45,0,1,ENMU,UI
2021-08-21,45,0,1,ULLA,UI
2021-08-21,45,15,1,ANEL,UI
2021-08-21,45,0,1,NULA,UI
2021-08-21,45,0,1,NUOS,UI
2021-08-21,45,0,1,NUCA,UI
2021-08-21,45,2,1,ISOP,UI
2021-08-21,45,0,1,COVA,UI
2021-08-21,45,1,1,POPL,UI
2021-08-21,45,0,1,PAHI,UI
2021-08-21,46,2,4,SECA,SR
2021-08-21,46,1,4,EMGR,SR
2021-08-21,46,10,4,LOPA,SR
2021-08-21,46,2,4,LODI,SR
2021-08-21,46,1,4,LISC,SR
2021-08-21,46,0,4,LOSC,SR
2021-08-21,46,0,4,LISI,SR
2021-08-21,46,0,4,LOPE,SR
2021-08-21,46,0.04,4,HISP,SR
2021-08-21,46,0,4,ONBI,SR
2021-08-21,46,0,4,AMPH,SR
2021-08-21,46,0,4,MYSP,SR
2021-08-21,46,0,4,FUDI,SR
2021-08-21,46,0,4,ENMU,SR
2021-08-21,46,0,4,ULLA,SR
2021-08-21,46,0,4,ANEL,SR
2021-08-21,46,0,4,NULA,SR
2021-08-21,46,0,4,NUOS,SR
2021-08-21,46,0,4,NUCA,SR
2021-08-21,46,0,4,ISOP,SR
2021-08-21,46,0,4,COVA,SR
2021-08-21,46,0,4,POPL,SR
2021-08-21,46,0,4,PAHI,SR
2021-08-21,47,34,2,SECA,SI
2021-08-21,47,0,2,EMGR,SI
2021-08-21,47,17,2,LOPA,SI
2021-08-21,47,23,2,LODI,SI
2021-08-21,47,0,2,LISC,SI
2021-08-21,47,0,2,LOSC,SI
2021-08-21,47,0,2,LISI,SI
2021-08-21,47,0,2,LOPE,SI
2021-08-21,47,0.02,2,HISP,SI
2021-08-21,47,4,2,ONBI,SI
2021-08-21,47,3,2,AMPH,SI
2021-08-21,47,6,2,MYSP,SI
2021-08-21,47,0.004,2,FUDI,SI
2021-08-21,47,0,2,ENMU,SI
2021-08-21,47,0,2,ULLA,SI
2021-08-21,47,0,2,ANEL,SI
2021-08-21,47,0,2,NULA,SI
2021-08-21,47,0,2,NUOS,SI
2021-08-21,47,0,2,NUCA,SI
2021-08-21,47,0,2,ISOP,SI
2021-08-21,47,0,2,COVA,SI
2021-08-21,47,0,2,POPL,SI
2021-08-21,47,0,2,PAHI,SI
2021-08-21,48,0,3,SECA,UR
2021-08-21,48,1,3,EMGR,UR
2021-08-21,48,2,3,LOPA,UR
2021-08-21,48,7,3,LODI,UR
2021-08-21,48,0,3,LISC,UR
2021-08-21,48,0,3,LOSC,UR
2021-08-21,48,0,3,LISI,UR
2021-08-21,48,0,3,LOPE,UR
2021-08-21,48,0.09,3,HISP,UR
2021-08-21,48,0,3,ONBI,UR
2021-08-21,48,0,3,AMPH,UR
2021-08-21,48,0,3,MYSP,UR
2021-08-21,48,0,3,FUDI,UR
2021-08-21,48,0.07,3,ENMU,UR
2021-08-21,48,0,3,ULLA,UR
2021-08-21,48,0,3,ANEL,UR
2021-08-21,48,0,3,NULA,UR
2021-08-21,48,0,3,NUOS,UR
2021-08-21,48,0,3,NUCA,UR
2021-08-21,48,0,3,ISOP,UR
2021-08-21,48,0,3,COVA,UR
2021-08-21,48,0,3,POPL,UR
2021-08-21,48,0,3,PAHI,UR
